first_name,last_name,email,date_time,gender,street_address,ip_address
,Tidbold,rtidbold0@disqus.com,1/15/2021,Non-binary,58298 Blue Bill Park Circle,157.45.8.179
Leonanie,Donson,ldonson1@mit.edu,12/11/2020,Agender,,245.41.22.176
Lela,Priestley,lpriestley2@noaa.gov,7/5/2020,Male,4725 Holmberg Lane,221.154.131.39
Tobie,Willmetts,twillmetts3@gnu.org,12/31/2020,Agender,,174.43.163.127
Wash,Lamball,wlamball4@amazon.com,11/12/2020,Genderfluid,815 8th Street,55.244.61.85
Ingelbert,Fewster,ifewster5@timesonline.co.uk,7/6/2020,Agender,12412 Pennsylvania Pass,72.60.76.39
Alexandr,Baudouin,abaudouin6@list-manage.com,1/27/2020,Female,98820 Muir Park,102.118.46.76
Wes,Peachey,wpeachey7@csmonitor.com,7/16/2020,Male,8 Granby Plaza,80.91.167.229
,Hollows,mhollows8@cargocollective.com,1/4/2021,Female,,70.187.8.77
Carlotta,Ackwood,cackwood9@is.gd,5/25/2020,Genderqueer,,36.153.102.74
Kenny,Leacock,kleacocka@answers.com,10/27/2020,Bigender,77 Warrior Park,98.155.170.168
Revkah,Upshall,rupshallb@columbia.edu,11/18/2020,Male,1 East Pass,129.150.225.127
Kristel,MacCook,kmaccookc@hostgator.com,8/29/2020,Polygender,,78.188.31.218
Dick,Sare,dsared@wp.com,9/23/2020,Genderqueer,79 Pond Court,116.109.161.247
,Skillett,jskillette@fc2.com,11/3/2020,Non-binary,661 Blaine Point,129.253.35.179
Rory,Washbrook,rwashbrookf@jigsy.com,,Polygender,724 John Wall Plaza,186.32.222.153
Xylina,Stiles,xstilesg@elpais.com,2/17/2020,Genderfluid,2 Sutteridge Terrace,24.79.72.51
Cicely,Fawlkes,cfawlkesh@nhs.uk,10/22/2020,Bigender,8 Lakewood Gardens Pass,105.223.157.122
,Chessum,lchessumi@bluehost.com,4/9/2020,Female,84772 Hoepker Hill,67.80.217.212
Bron,Booley,bbooleyj@weather.com,6/13/2020,Genderfluid,,77.139.23.197
Yasmeen,Blunsom,yblunsomk@japanpost.jp,11/4/2020,Non-binary,,157.81.54.55
,,kgilbertl@wired.com,8/2/2020,Male,61 Delaware Way,170.27.151.188
Locke,Carryer,lcarryerm@usnews.com,2/21/2020,Genderqueer,,233.61.241.169
Tuck,Tarver,,2/13/2020,Agender,52380 Delladonna Junction,128.200.31.206
Clifford,Bonehill,cbonehillo@posterous.com,9/21/2020,Polygender,05662 Linden Road,28.198.201.189
Dorothee,Cowlishaw,dcowlishawp@army.mil,7/4/2020,Agender,917 Morning Circle,131.43.103.130
Meir,Steutly,msteutlyq@scientificamerican.com,5/17/2020,Non-binary,945 Warner Way,17.162.106.186
Thadeus,Finnis,tfinnisr@oakley.com,7/6/2020,Agender,,133.11.165.232
Marabel,Huxtable,mhuxtables@sphinn.com,4/6/2020,Female,371 Old Shore Street,121.174.223.247
Ramonda,Chrisp,rchrispt@amazon.com,8/14/2020,Bigender,82964 Cody Point,75.155.100.21
Sigismond,Churchley,schurchleyu@bandcamp.com,8/24/2020,Genderfluid,1 Mccormick Junction,189.104.60.64
Greggory,Leathers,gleathersv@businessinsider.com,12/10/2020,Polygender,8207 Forest Dale Plaza,127.139.41.31
,,mtendahlw@vk.com,12/27/2020,Female,593 Vermont Crossing,241.11.126.179
Woodman,Courtney,,4/6/2020,Agender,7834 Old Shore Center,148.191.103.221
Kelsey,Ferrer,kferrery@squidoo.com,9/28/2020,Non-binary,24 Larry Hill,13.112.92.58
Iris,,irathbonez@ucoz.com,7/3/2020,Non-binary,42 Kropf Place,81.82.73.171
Gaye,Berntsson,gberntsson10@uiuc.edu,6/15/2020,Polygender,73946 Clarendon Way,219.67.126.25
Koren,Stapele,kstapele11@creativecommons.org,3/14/2020,Agender,76323 Rusk Drive,240.29.192.29
Willabella,Piggen,wpiggen12@umn.edu,,Non-binary,,191.166.43.158
Brigid,Lorinez,blorinez13@ucsd.edu,8/5/2020,Bigender,1 Duke Trail,145.106.138.139
Domeniga,Boatwright,dboatwright14@howstuffworks.com,3/13/2020,Male,15475 Stang Lane,29.33.102.38
Marijn,Shillaber,,6/12/2020,,2619 Luster Junction,228.123.53.220
Ginnifer,,gsprull16@economist.com,8/7/2020,,64589 Meadow Valley Place,216.248.76.189
Chevy,Hitscher,chitscher17@blogger.com,10/5/2020,Polygender,,181.175.95.193
Erin,Burbridge,eburbridge18@bandcamp.com,8/18/2020,Genderqueer,757 Graedel Center,101.79.121.57
,,laleso19@go.com,2/4/2020,Genderqueer,70343 Ilene Hill,153.182.116.18
Torrin,Kopisch,,2/23/2020,Female,30236 Gulseth Place,133.37.153.193
Gardner,Voff,gvoff1b@flavors.me,4/1/2020,Male,765 Atwood Point,246.174.82.254
Abel,Ellery,aellery1c@mayoclinic.com,6/15/2020,Female,,198.148.150.119
Katuscha,Tennock,ktennock1d@nytimes.com,3/3/2020,Agender,91 Anthes Road,227.239.18.120
Jillana,Cahill,,2/22/2020,Genderqueer,098 Atwood Street,226.29.1.157
,Plet,lplet1f@sogou.com,2/17/2020,Agender,0638 Meadow Vale Terrace,160.169.132.49
Anthea,Le Noury,alenoury1g@biblegateway.com,8/16/2020,Polygender,80 Schiller Court,9.98.134.122
,Tiller,stiller1h@dyndns.org,12/6/2020,Bigender,7 Vahlen Court,29.120.40.104
Wayne,Parradye,wparradye1i@geocities.com,5/28/2020,Genderfluid,267 Rigney Hill,72.183.232.91
Ase,Isenor,aisenor1j@symantec.com,,Non-binary,5 Moulton Hill,218.111.224.229
,,egeockle1k@booking.com,4/27/2020,Female,982 Gale Terrace,66.78.35.130
Mara,Hazle,mhazle1l@last.fm,12/24/2020,Polygender,504 Cordelia Lane,161.25.181.97
Yance,Garfitt,ygarfitt1m@unesco.org,9/20/2020,Female,,227.30.181.177
Haywood,Wakes,hwakes1n@statcounter.com,11/5/2020,Polygender,,4.126.63.234
Gar,Hundell,ghundell1o@opera.com,1/24/2021,Bigender,7686 Village Hill,253.235.91.0
Ruperto,Mossman,rmossman1p@elegantthemes.com,2/10/2020,Male,9976 Duke Alley,29.186.78.233
Julita,Dering,jdering1q@twitpic.com,10/20/2020,,46 Monterey Terrace,1.222.211.249
Guglielmo,Pickavant,gpickavant1r@cargocollective.com,11/13/2020,Bigender,59 Delladonna Court,153.135.165.201
Beniamino,Penreth,bpenreth1s@gizmodo.com,6/19/2020,Female,7538 Lakewood Trail,61.121.147.229
Lyell,Findlay,,8/17/2020,Genderfluid,3 Laurel Street,227.92.157.237
Desiri,Avieson,davieson1u@diigo.com,6/2/2020,Non-binary,233 Kensington Alley,124.27.104.121
Cassandra,Garfield,cgarfield1v@unicef.org,5/10/2020,Genderqueer,502 Lindbergh Point,52.43.160.38
Ermanno,Cosins,ecosins1w@cmu.edu,2/4/2020,,,148.39.84.191
Nellie,Baudassi,nbaudassi1x@cafepress.com,12/20/2020,Non-binary,63 Laurel Plaza,229.242.67.213
Ursulina,Fuentes,ufuentes1y@usgs.gov,6/14/2020,Male,54268 Bartillon Junction,90.212.142.206
Rafa,Matkin,rmatkin1z@earthlink.net,12/23/2020,Genderfluid,3482 Huxley Way,98.64.223.144
Julieta,Blencoe,jblencoe20@msu.edu,10/11/2020,Female,98597 Manley Street,183.64.41.213
Lazaro,Brownstein,lbrownstein21@icq.com,3/18/2020,Female,3780 Debs Parkway,200.138.144.61
Michaelina,Kisar,mkisar22@senate.gov,5/15/2020,Genderqueer,7 Cardinal Street,46.8.182.249
Willie,Westmancoat,wwestmancoat23@seattletimes.com,,Non-binary,,100.231.205.149
Cory,Mayer,cmayer24@columbia.edu,3/13/2020,Female,55 Buena Vista Court,24.117.216.193
Ruggiero,Cartan,,6/21/2020,Male,03725 Trailsway Center,103.157.50.188
Gualterio,Desvignes,gdesvignes26@nasa.gov,5/5/2020,Bigender,97 Carey Center,60.146.45.225
Nollie,Doxsey,ndoxsey27@technorati.com,7/31/2020,Non-binary,69 Russell Street,85.31.230.217
Delainey,Kitcatt,dkitcatt28@google.com.hk,,Bigender,686 Lukken Crossing,138.58.83.63
Gabie,Whenham,gwhenham29@xing.com,2/3/2020,,08122 Cottonwood Road,183.168.32.102
Adorne,,ablenkin2a@pinterest.com,11/19/2020,Non-binary,5 Erie Point,199.194.230.44
Samaria,Sydall,ssydall2b@booking.com,11/7/2020,Polygender,488 Nobel Way,185.28.110.99
Kassi,Antonetti,kantonetti2c@answers.com,8/14/2020,Genderfluid,668 Dapin Park,230.126.238.63
,Westpfel,cwestpfel2d@ed.gov,11/7/2020,Polygender,919 Sutherland Street,116.195.205.98
,Tavernor,itavernor2e@devhub.com,2/8/2020,Female,59191 Artisan Place,219.163.77.224
Marcella,Kmieciak,mkmieciak2f@so-net.ne.jp,6/13/2020,Male,682 Waxwing Drive,24.114.154.119
Trent,Reaveley,treaveley2g@thetimes.co.uk,7/22/2020,Agender,43 Sunfield Terrace,185.25.28.157
Barnaby,Ganning,bganning2h@altervista.org,8/13/2020,Male,,133.145.23.207
Estrellita,Lutsch,elutsch2i@omniture.com,9/20/2020,Genderqueer,777 Lakeland Circle,12.183.76.84
,Vedstra,evedstra2j@zimbio.com,9/13/2020,Genderfluid,815 Bellgrove Park,61.198.53.240
Rivi,Matskiv,rmatskiv2k@amazon.com,1/31/2020,Non-binary,33 Donald Circle,47.94.121.74
Trenton,Syson,tsyson2l@dmoz.org,3/11/2020,Non-binary,47 Duke Hill,106.132.105.16
Jed,O'Sirin,josirin2m@dedecms.com,3/9/2020,Non-binary,3008 7th Way,14.82.117.51
Caressa,Paver,cpaver2n@ning.com,7/28/2020,Male,,60.40.162.124
Jerry,Danihelka,jdanihelka2o@stumbleupon.com,9/6/2020,Bigender,,186.227.25.60
Carin,Fenix,cfenix2p@aol.com,6/24/2020,Female,903 Lunder Place,136.6.48.122
Fay,Erangy,ferangy2q@npr.org,6/26/2020,,,4.245.139.187
Tymon,,tredmayne2r@kickstarter.com,9/23/2020,Polygender,9631 Rockefeller Junction,86.147.27.112
Babb,Farbrother,bfarbrother2s@pcworld.com,12/24/2020,,1 Claremont Drive,117.28.82.240
Marvin,Finden,mfinden2t@hud.gov,7/1/2020,Genderqueer,153 Springview Lane,120.154.161.19
Fidelia,Klima,fklima2u@berkeley.edu,,Polygender,6233 Del Mar Street,144.242.71.116
Arielle,Treswell,atreswell2v@scientificamerican.com,6/28/2020,Agender,00 Hermina Street,57.57.140.194
Kellen,Jentle,kjentle2w@hhs.gov,4/22/2020,Agender,,252.121.237.55
Iolanthe,Swindley,iswindley2x@nsw.gov.au,,Polygender,,7.66.145.130
Lind,Cannaway,lcannaway2y@ocn.ne.jp,10/25/2020,Genderfluid,783 Dorton Way,224.109.98.220
Abramo,Wickham,awickham2z@zdnet.com,12/25/2020,Polygender,809 Glacier Hill Lane,165.176.132.184
Farah,,fcripwell30@boston.com,12/29/2020,Female,867 Derek Terrace,139.131.187.130
Merralee,McNaught,mmcnaught31@ifeng.com,3/14/2020,Polygender,64 Portage Junction,112.56.53.133
Kristo,Fudger,kfudger32@guardian.co.uk,12/11/2020,Female,,11.24.43.72
Austine,Scud,ascud33@ow.ly,10/21/2020,Genderqueer,886 Garrison Street,9.85.139.192
Garrek,Cunah,gcunah34@mozilla.org,11/16/2020,Genderqueer,534 Di Loreto Lane,123.240.216.17
,Skally,askally35@yellowpages.com,,Polygender,4 Waxwing Crossing,84.226.28.201
Hamlin,Massei,hmassei36@jigsy.com,12/19/2020,Bigender,5900 Riverside Way,179.96.18.106
,MacMearty,gmacmearty37@theglobeandmail.com,5/23/2020,Female,3461 Beilfuss Circle,37.71.246.247
Upton,Patrick,,8/2/2020,Genderqueer,12 Scott Court,90.208.18.214
Kyla,Gorgler,,9/3/2020,Female,,84.8.253.99
Mozelle,Fernley,mfernley3a@is.gd,9/29/2020,Bigender,,179.89.167.150
Agneta,Lantiff,alantiff3b@wired.com,11/28/2020,Genderqueer,,229.130.231.66
Wolfy,Biddlestone,,11/5/2020,Genderqueer,7 Gulseth Junction,13.74.237.107
Karleen,Pimme,kpimme3d@goo.gl,2/16/2020,Polygender,61 Linden Terrace,40.254.23.243
Kassie,Coade,kcoade3e@macromedia.com,11/10/2020,Agender,0 Swallow Avenue,191.250.220.59
Carlie,Fowler,cfowler3f@cdbaby.com,5/16/2020,Male,,45.114.138.130
,,,2/24/2020,Genderfluid,9 Erie Crossing,210.189.225.205
Randal,Fludder,,10/26/2020,Genderfluid,9272 Riverside Place,54.52.232.205
Zahara,,zcurado3i@timesonline.co.uk,10/7/2020,Genderfluid,6 Ridgeway Plaza,192.129.182.104
Ira,Gloy,igloy3j@privacy.gov.au,3/17/2020,Male,92 Springs Parkway,2.200.180.5
Shaylynn,,sransom3k@umn.edu,6/14/2020,Bigender,31 Green Drive,48.167.30.101
Ilario,O'Fihillie,iofihillie3l@sakura.ne.jp,6/11/2020,,439 Old Gate Drive,238.25.193.105
Malia,Quarterman,mquarterman3m@comcast.net,6/13/2020,Genderqueer,49195 Hauk Drive,70.148.229.112
Galina,Wrightham,gwrightham3n@trellian.com,7/7/2020,Polygender,,96.67.12.48
,Bloxholm,lbloxholm3o@ezinearticles.com,8/13/2020,Bigender,72 Redwing Crossing,96.153.43.85
Meredeth,Sail,msail3p@cpanel.net,9/5/2020,Polygender,272 Monica Parkway,65.185.86.232
Rolph,Sifleet,rsifleet3q@auda.org.au,10/4/2020,Female,800 Amoth Junction,65.15.49.223
Hyatt,Coston,hcoston3r@nih.gov,8/21/2020,Genderqueer,799 Summerview Alley,84.213.125.248
Vonni,Emm,vemm3s@house.gov,4/24/2020,Female,,198.133.212.255
Jocelyne,Coull,jcoull3t@irs.gov,6/19/2020,Genderfluid,722 Towne Point,24.111.139.20
Eirena,Peter,epeter3u@tinyurl.com,12/5/2020,Genderfluid,48273 2nd Crossing,203.6.81.135
Lilly,Feria,lferia3v@w3.org,1/18/2021,Polygender,034 Gale Street,219.125.232.78
Lazar,Zorener,lzorener3w@comsenz.com,7/29/2020,Male,53 Waywood Court,245.27.44.45
Karlotta,Brinkworth,kbrinkworth3x@ftc.gov,8/17/2020,Genderfluid,87 Gerald Trail,110.154.0.101
Lillis,Hails,lhails3y@yellowpages.com,2/9/2020,,92858 Pleasure Center,170.119.152.79
Krissie,,kgellately3z@friendfeed.com,6/6/2020,Male,,120.173.142.64
Amble,Cuddihy,acuddihy40@mail.ru,11/5/2020,Non-binary,60859 Graedel Junction,31.54.162.86
Osgood,Wehner,owehner41@opensource.org,9/30/2020,Female,274 Everett Road,178.13.91.210
Zelig,Harrington,zharrington42@nymag.com,5/23/2020,Agender,87331 Macpherson Parkway,17.183.202.90
Frankie,Pothecary,,10/15/2020,Female,06911 Washington Point,201.210.88.46
Franny,Coppen,fcoppen44@wp.com,9/10/2020,Female,251 Spaight Terrace,81.242.188.171
Alexandre,Phillott,aphillott45@oracle.com,3/11/2020,Polygender,0 Boyd Parkway,39.195.138.72
Essie,Spilsbury,,11/12/2020,Female,,134.9.35.170
,Tremlett,mtremlett47@senate.gov,10/21/2020,Genderqueer,4772 Union Drive,85.151.81.9
Roanna,,,4/18/2020,Bigender,22 Claremont Crossing,29.115.43.41
Elfrida,Elia,eelia49@netlog.com,5/5/2020,Agender,,80.170.196.76
Yettie,Beaty,ybeaty4a@facebook.com,2/22/2020,Agender,8 Trailsway Parkway,246.89.37.4
Allayne,Allawy,aallawy4b@sun.com,9/19/2020,Genderqueer,,77.25.209.146
Norrie,,natkins4c@virginia.edu,9/29/2020,Female,53993 Union Circle,8.81.107.82
Georg,Toll,gtoll4d@google.co.uk,9/7/2020,Male,80 Glacier Hill Lane,215.101.144.94
Gwenni,Kelbie,,10/26/2020,Female,7240 Straubel Pass,211.109.79.126
Athena,Dufaire,adufaire4f@berkeley.edu,6/2/2020,Genderfluid,58170 Chive Junction,185.147.143.24
Lanna,,lspiaggia4g@angelfire.com,12/4/2020,Female,9156 Goodland Way,105.47.7.106
Shay,Wesker,swesker4h@shop-pro.jp,11/24/2020,Genderfluid,,198.182.5.155
Benedicta,Lewcock,blewcock4i@wikimedia.org,2/5/2020,Male,61 Dawn Way,70.187.58.69
Sharl,Cotterel,scotterel4j@123-reg.co.uk,5/8/2020,Genderqueer,53699 Thompson Way,217.168.0.137
Fenelia,Lehenmann,flehenmann4k@infoseek.co.jp,1/31/2020,Genderfluid,3655 Larry Circle,4.146.217.99
Isabeau,Cabrera,icabrera4l@sun.com,2/16/2020,Polygender,1122 Michigan Pass,32.206.88.63
Bartel,Ivashnikov,,3/23/2020,Non-binary,2393 Holy Cross Trail,207.250.187.216
Stella,Vedeneev,svedeneev4n@va.gov,6/14/2020,Bigender,7 Sage Circle,173.111.225.84
Novelia,,ncreavan4o@goodreads.com,3/15/2020,Female,07603 Buell Circle,213.89.189.63
,Henfre,mhenfre4p@forbes.com,5/28/2020,Male,876 Banding Alley,160.215.250.230
Rouvin,Klambt,rklambt4q@istockphoto.com,9/22/2020,Male,017 Sunbrook Park,53.196.66.131
Riobard,Yarnton,ryarnton4r@nih.gov,9/3/2020,Male,,140.74.199.252
Pippo,Miliffe,pmiliffe4s@gnu.org,1/29/2020,Bigender,27135 Nobel Circle,217.253.189.51
Emlynn,Pigott,epigott4t@mlb.com,11/29/2020,Genderqueer,97 Jenna Circle,170.14.88.234
Rouvin,Dalgliesh,rdalgliesh4u@bloglines.com,7/18/2020,Non-binary,,18.86.58.243
Clayton,Corbett,ccorbett4v@skyrock.com,10/15/2020,Bigender,911 Little Fleur Court,131.136.238.16
Eden,Tellesson,etellesson4w@e-recht24.de,11/16/2020,Male,18168 Mendota Place,167.33.16.66
Hagen,Curle,hcurle4x@cloudflare.com,8/26/2020,Non-binary,771 Almo Pass,5.175.104.179
Regine,Dobrovolski,rdobrovolski4y@biglobe.ne.jp,5/8/2020,Genderqueer,0047 Erie Point,141.71.143.40
Boy,Berrisford,bberrisford4z@nytimes.com,4/3/2020,Non-binary,89461 Independence Street,34.71.67.198
Almeria,,,9/18/2020,Non-binary,41418 Sutherland Way,35.77.90.121
Laurence,Taill,,10/12/2020,Female,26730 Esch Parkway,220.145.108.196
Dory,Sisselot,dsisselot52@ifeng.com,11/14/2020,Genderfluid,841 Valley Edge Point,22.196.236.134
Julius,Cosyns,jcosyns53@whitehouse.gov,9/29/2020,Bigender,7 Hoffman Plaza,195.135.255.105
Arlie,Mearns,amearns54@bigcartel.com,8/22/2020,Polygender,,147.16.75.162
Heindrick,,,3/11/2020,Genderfluid,7 Corscot Pass,31.46.111.230
Bronnie,Pimblott,bpimblott56@answers.com,4/13/2020,Bigender,3 Anthes Terrace,4.91.52.101
Catherin,Hazlegrove,chazlegrove57@angelfire.com,3/23/2020,Polygender,7759 Lakeland Parkway,249.31.109.235
Delinda,Ferres,dferres58@yellowbook.com,10/16/2020,,8 Pearson Place,235.12.22.191
,Raine,hraine59@sciencedirect.com,12/31/2020,Bigender,8939 Birchwood Terrace,14.40.98.162
Grange,Giovannacc@i,ggiovannacci5a@sogou.com,11/16/2020,Genderqueer,869 Alpine Parkway,174.18.117.104
Meier,Murrison,mmurrison5b@arstechnica.com,2/15/2020,Male,,27.62.117.57
Eloise,Tittershill,etittershill5c@tumblr.com,5/2/2020,Agender,64299 Bowman Terrace,237.193.188.203
Maury,,,11/5/2020,Agender,8429 Talmadge Plaza,147.253.185.111
Julina,Sterland,jsterland5e@va.gov,2/6/2020,Bigender,,94.191.62.36
Halimeda,Wem,hwem5f@4shared.com,1/30/2020,Genderfluid,49 Bobwhite Way,244.100.108.90
Beulah,Kornacki,bkornacki5g@shinystat.com,11/5/2020,Male,1461 8th Alley,239.94.139.92
Michelina,Poge,mpoge5h@un.org,4/9/2020,Agender,71 Melby Street,129.206.245.222
Ilka,Trunby,itrunby5i@shutterfly.com,5/13/2020,Polygender,801 Commercial Trail,136.92.59.28
Kermie,Magenny,kmagenny5j@weebly.com,5/28/2020,Genderqueer,615 Barby Park,236.50.164.29
Cissiee,Witchard,cwitchard5k@hud.gov,5/30/2020,Bigender,1 Katie Alley,7.253.131.182
Brena,Rattery,brattery5l@weebly.com,4/30/2020,Non-binary,16004 Donald Terrace,226.46.159.64
Clemens,,cdillet5m@51.la,5/6/2020,Polygender,5 Rutledge Road,56.105.235.244
Wolfy,Shillington,wshillington5n@google.it,10/27/2020,Genderqueer,,99.204.24.192
Jeralee,Pichan,jpichan5o@icio.us,12/6/2020,Male,9 Dayton Drive,252.180.72.45
Lon,Goldring,lgoldring5p@deviantart.com,7/11/2020,,49279 Westerfield Point,106.206.207.144
Brana,Grand,,,Genderfluid,90382 Blackbird Place,33.7.171.109
Leyla,Lumsdall,llumsdall5r@state.gov,2/21/2020,Non-binary,24 Brown Parkway,19.220.235.153
Lay,Gerant,,9/29/2020,Polygender,,175.233.110.41
Washington,,,10/2/2020,Genderfluid,76652 Fulton Hill,129.36.22.6
Gabriel,Sked,gsked5u@sfgate.com,3/16/2020,Female,,226.155.114.206
Mariana,Boggis,mboggis5v@digg.com,9/27/2020,Polygender,5562 Pankratz Parkway,119.143.255.206
Oswald,Bengefield,obengefield5w@behance.net,5/30/2020,Agender,91 Maple Place,138.213.75.86
Lexis,Sneezem,,3/25/2020,Polygender,,194.144.23.247
Allyson,Furlong,afurlong5y@spotify.com,11/24/2020,Agender,128 Dexter Alley,127.23.201.200
Wallache,Synan,wsynan5z@jimdo.com,3/3/2020,Genderqueer,,114.165.199.39
Ebba,Fetherston,efetherston60@wordpress.com,5/2/2020,Agender,,26.13.68.168
Yolanthe,,yjozefczak61@who.int,8/11/2020,Agender,931 Fisk Parkway,96.102.232.162
Goraud,Rudgard,grudgard62@admin.ch,3/31/2020,,,35.179.76.203
Sonnie,Frantzeni,,9/14/2020,Polygender,0885 Hollow Ridge Junction,8.28.200.212
Antonella,Karle,akarle64@nationalgeographic.com,5/19/2020,Non-binary,1319 Cascade Street,27.30.230.127
Artemas,Ruddock,aruddock65@nyu.edu,9/25/2020,Polygender,,64.197.122.162
Augustina,Lurriman,alurriman66@msu.edu,5/28/2020,Female,48257 Vidon Center,221.105.32.145
Corine,Cummins,ccummins67@shareasale.com,12/13/2020,Agender,19 Red Cloud Road,139.183.99.89
Florence,Mole,fmole68@wsj.com,6/13/2020,Genderfluid,515 Stoughton Court,128.145.201.220
Gwyn,,,4/20/2020,,5267 Russell Plaza,97.46.65.119
Junette,Lindelof,jlindelof6a@thetimes.co.uk,6/4/2020,Genderqueer,74 Jana Hill,231.235.52.173
Jeane,Cumbers,,8/22/2020,Genderfluid,31218 Washington Trail,81.102.205.135
Bridie,Lavington,blavington6c@amazon.de,1/14/2021,Genderfluid,74 Steensland Avenue,168.205.235.212
Loy,Filmer,lfilmer6d@google.ru,5/25/2020,Genderfluid,81550 Anzinger Drive,180.8.58.14
Zsazsa,Sendall,zsendall6e@ning.com,6/15/2020,Female,384 Eagle Crest Alley,149.203.227.110
Lucky,,lhanretty6f@thetimes.co.uk,5/3/2020,Non-binary,799 Hayes Avenue,187.92.17.56
,Eisikovitsh,ieisikovitsh6g@miibeian.gov.cn,4/28/2020,Female,5027 Butterfield Court,161.207.78.189
Edlin,Ghidoni,eghidoni6h@dot.gov,8/30/2020,Non-binary,7 Oneill Hill,171.85.16.171
Alisander,Cockrem,acockrem6i@ifeng.com,12/1/2020,,,240.14.174.235
Karoline,Le Blanc,kleblanc6j@sakura.ne.jp,10/15/2020,Non-binary,1 Dunning Street,255.78.194.224
Merci,Ditch,mditch6k@toplist.cz,9/2/2020,Agender,818 Ramsey Avenue,42.66.23.142
Myrtie,Bartoszek,mbartoszek6l@yellowbook.com,5/11/2020,Genderfluid,,29.229.133.48
Nikoletta,Olliver,nolliver6m@usa.gov,11/26/2020,Male,15242 Florence Way,122.96.180.238
Pierre,Benzie,,2/17/2020,Bigender,4 Forster Street,121.70.110.221
Claudell,Prene,cprene6o@livejournal.com,5/24/2020,Bigender,1470 Blackbird Court,213.75.161.233
Shoshana,Baford,sbaford6p@reference.com,5/23/2020,Polygender,855 Grasskamp Point,134.20.250.133
Isador,Robrose,irobrose6q@amazonaws.com,11/1/2020,Agender,,243.214.130.138
Kristal,Kasper,kkasper6r@harvard.edu,5/3/2020,Polygender,,119.169.191.132
Kitti,Surridge,ksurridge6s@google.com,2/27/2020,Non-binary,,243.134.109.136
Robers,Linzey,rlinzey6t@sakura.ne.jp,7/27/2020,Non-binary,383 Judy Pass,2.86.232.99
Land,Openshaw,lopenshaw6u@auda.org.au,1/20/2021,Female,90 Marquette Pass,197.253.204.2
Jacquelyn,Ricco,jricco6v@rediff.com,11/18/2020,Male,7488 Marcy Parkway,31.118.39.127
Candi,Ferencowicz,cferencowicz6w@webnode.com,8/2/2020,Genderfluid,,29.7.127.101
Odelia,Oventon,ooventon6x@jalbum.net,11/24/2020,Non-binary,28492 Killdeer Park,149.26.131.225
Vidovik,Colmer,vcolmer6y@exblog.jp,8/23/2020,Genderfluid,25 Heath Place,91.119.228.201
Penny,,pbenbough6z@google.it,8/28/2020,Non-binary,90185 Spaight Crossing,4.212.139.142
Cob,White,cwhite70@seattletimes.com,5/31/2020,Bigender,7925 Laurel Avenue,31.197.223.173
Jaquenetta,,jpatience71@sphinn.com,12/27/2020,Female,,7.191.192.213
Ericka,Simoens,esimoens72@naver.com,5/22/2020,Genderfluid,72807 Arapahoe Crossing,209.253.251.145
Ossie,Rameau,orameau73@wunderground.com,10/21/2020,Male,54 4th Court,66.82.245.195
,,sbrugman74@exblog.jp,7/8/2020,Male,2 Butterfield Way,122.203.155.53
Melloney,Philler,mphiller75@meetup.com,12/19/2020,,5 Washington Junction,37.79.50.228
Gasper,Mapstone,gmapstone76@ucoz.com,3/31/2020,Genderqueer,,59.111.164.63
Carlita,Funnell,cfunnell77@pbs.org,10/12/2020,Female,23655 Lillian Pass,195.104.186.251
Hedy,Haibel,hhaibel78@ftc.gov,7/9/2020,Genderfluid,65941 Anhalt Hill,82.192.120.90
Happy,Dowears,hdowears79@symantec.com,10/16/2020,Bigender,,204.61.26.35
,Eversley,beversley7a@oakley.com,5/7/2020,Non-binary,4 Milwaukee Circle,76.179.180.239
Kendell,,kbenham7b@house.gov,9/17/2020,,2 Blue Bill Park Terrace,168.214.125.228
,Edel,,2/7/2020,Bigender,4 Corben Terrace,92.238.235.214
Osmund,Biesterfeld,obiesterfeld7d@ucoz.ru,5/8/2020,Genderfluid,90975 Service Terrace,159.54.227.237
Shelli,Dulwich,,,Non-binary,94 Burning Wood Place,177.7.212.79
Midge,Garnsworthy,mgarnsworthy7f@google.de,9/15/2020,Female,4 Waywood Park,171.214.195.47
Puff,Seefus,,11/18/2020,Genderfluid,42 Havey Trail,46.243.212.99
Dexter,Gother,dgother7h@globo.com,4/30/2020,Genderqueer,36206 Russell Trail,199.178.9.67
Becca,Lumbley,blumbley7i@google.nl,6/23/2020,Genderqueer,18 Lawn Plaza,30.145.96.181
Merci,Blackeby,mblackeby7j@abc.net.au,2/25/2020,Female,49656 Eagan Lane,136.102.176.237
Benedikt,Montes,bmontes7k@naver.com,8/30/2020,Non-binary,7 Bluestem Park,254.78.152.24
Angelo,Dispencer,adispencer7l@parallels.com,,Non-binary,75 Sage Pass,95.194.48.184
Emmeline,Eneas,eeneas7m@so-net.ne.jp,1/16/2021,Genderqueer,,41.37.243.137
Thornton,Madre,tmadre7n@skyrock.com,10/22/2020,Genderqueer,,119.107.162.192
Blinnie,Boshere,bboshere7o@php.net,3/14/2020,Non-binary,97987 Kensington Place,162.75.119.147
Davin,MacPhail,dmacphail7p@geocities.com,5/18/2020,Polygender,41 Walton Drive,197.62.103.162
Sheba,Fewless,sfewless7q@pagesperso-orange.fr,9/30/2020,Genderqueer,,222.84.60.3
Faina,Licciardiello,flicciardiello7r@ehow.com,2/6/2020,Agender,6069 Westend Terrace,218.65.47.75
Ashli,Drinan,adrinan7s@instagram.com,1/25/2021,Non-binary,,205.110.17.202
Dew,Martinez,dmartinez7t@economist.com,7/23/2020,Male,34 Anthes Terrace,97.235.54.242
Patricia,,phealeas7u@hhs.gov,5/17/2020,Agender,39 Fulton Drive,110.194.32.6
,Mattiussi,rmattiussi7v@un.org,10/27/2020,Genderfluid,,81.62.177.215
Hirsch,Essberger,hessberger7w@patch.com,7/26/2020,Genderfluid,3342 Londonderry Plaza,231.234.45.131
Sarita,Abreheart,sabreheart7x@privacy.gov.au,1/21/2021,Polygender,4451 Grasskamp Trail,205.114.184.117
Myca,Winny,mwinny7y@house.gov,10/4/2020,Genderfluid,8074 Drewry Avenue,86.65.171.234
Hedwiga,Dampier,hdampier7z@wired.com,1/21/2021,Genderfluid,,11.129.153.173
Philipa,Jahnel,pjahnel80@google.cn,9/14/2020,Male,0 Melvin Street,223.67.100.21
Charlton,Collinette,ccollinette81@furl.net,5/13/2020,Genderqueer,2153 Lindbergh Court,25.212.70.142
Suzy,Pinner,spinner82@abc.net.au,5/25/2020,Genderqueer,,16.217.60.79
Caddric,Vignal,cvignal83@typepad.com,10/14/2020,Female,,143.109.177.89
Renato,Maker,rmaker84@bloglines.com,7/26/2020,Bigender,425 Summer Ridge Street,166.58.172.118
,Ertelt,jertelt85@tumblr.com,1/2/2021,Agender,,164.62.124.220
Teodorico,Joisce,tjoisce86@paypal.com,9/3/2020,,89431 Helena Hill,203.167.121.15
Base,Angrock,bangrock87@zdnet.com,5/16/2020,Agender,28 Autumn Leaf Lane,133.183.232.92
Camey,,,8/22/2020,Genderqueer,42 Lakewood Pass,78.214.62.27
Burlie,Ansteys,,1/24/2021,Genderfluid,5224 Rutledge Lane,200.0.216.64
Dominik,Walthall,,11/17/2020,Genderqueer,537 Jackson Way,201.28.107.149
Rickie,Langsdon,rlangsdon8b@intel.com,9/2/2020,Agender,,187.98.154.149
Jude,Brasher,jbrasher8c@netscape.com,2/7/2020,Agender,692 Wayridge Parkway,73.62.100.162
Anitra,Paraman,,10/15/2020,Genderqueer,0 Kedzie Place,150.242.254.171
Ambros,Taunton.,ataunton8e@bluehost.com,5/12/2020,Agender,809 Havey Way,238.168.252.230
Carma,Conyard,cconyard8f@google.ca,11/27/2020,Genderqueer,311 Dryden Street,155.116.29.170
Chaddie,Beades,cbeades8g@indiegogo.com,2/22/2020,Genderfluid,7 Vidon Point,255.132.211.227
Toddy,Vaux,tvaux8h@github.io,9/4/2020,Male,505 Marcy Lane,103.35.90.164
Kerr,Trotman,ktrotman8i@ameblo.jp,11/9/2020,Male,8382 Scott Terrace,90.21.103.236
Nicoli,Addlestone,naddlestone8j@miitbeian.gov.cn,5/14/2020,Agender,8 Helena Plaza,187.227.222.9
Emmery,Behninck,ebehninck8k@mapquest.com,10/16/2020,Genderqueer,54 Fordem Circle,70.145.177.188
Tonya,Almak,,7/6/2020,Genderqueer,0824 2nd Lane,46.197.173.35
Neille,Staig,nstaig8m@bing.com,8/19/2020,Non-binary,9734 Cambridge Pass,42.214.98.234
Rex,Dray,rdray8n@nydailynews.com,11/22/2020,Genderfluid,43582 Colorado Pass,198.16.106.80
Ash,Western,awestern8o@ning.com,8/12/2020,,,208.245.184.227
Grantley,Cardno,gcardno8p@wsj.com,1/7/2021,Agender,6 Sage Drive,82.136.66.18
Korney,Brearty,kbrearty8q@intel.com,11/29/2020,Polygender,48603 Talisman Lane,98.147.243.142
Reeta,Tuson,rtuson8r@taobao.com,12/25/2020,Female,83 Banding Pass,10.147.203.74
Adrianna,Schimmang,aschimmang8s@bloglines.com,4/10/2020,Female,,179.35.17.161
Tawnya,Paoletto,tpaoletto8t@com.com,2/17/2020,Polygender,,141.194.53.199
Alic,Petrello,apetrello8u@amazon.com,2/12/2020,Genderqueer,55 Sundown Hill,53.29.180.53
Lilas,Swindin,lswindin8v@reuters.com,3/1/2020,Agender,4 Acker Center,153.37.181.122
Anastasia,Kirsch,akirsch8w@simplemachines.org,6/8/2020,Polygender,4156 Carpenter Hill,186.192.174.220
Honoria,Bowling,hbowling8x@constantcontact.com,2/23/2020,Male,1 Graceland Court,203.13.221.76
Dante,Haggidon,dhaggidon8y@odnoklassniki.ru,1/23/2021,Genderfluid,94443 Stuart Hill,173.223.121.115
Henriette,Trusdale,,3/31/2020,Female,28549 Browning Center,109.54.251.151
Darline,Di Carlo,ddicarlo90@redcross.org,12/31/2020,Bigender,611 Trailsway Parkway,29.114.130.10
Gert,Borrill,,,Non-binary,54 Del Sol Pass,97.186.189.130
Virginia,Chiommienti,vchiommienti92@theguardian.com,11/15/2020,Male,7 Buell Alley,208.65.243.17
Sandie,Byrth,sbyrth93@freewebs.com,1/13/2021,Polygender,1368 Steensland Lane,212.160.6.138
Camila,Halpeine,chalpeine94@trellian.com,12/26/2020,,49 Hoepker Point,32.129.131.161
Austine,Gibbins,,12/21/2020,Genderfluid,082 Rockefeller Road,43.227.240.185
Skylar,Bax,sbax96@unblog.fr,12/12/2020,Female,0 Bunker Hill Trail,164.82.184.13
Riva,Adlam,,12/11/2020,Female,921 Transport Drive,46.193.94.213
Darcy,Makinson,dmakinson98@google.com.br,2/4/2020,Genderqueer,,77.235.123.157
Der,Feldbau,dfeldbau99@nature.com,8/6/2020,Genderqueer,3 Weeping Birch Avenue,152.56.150.246
Robyn,Edie,redie9a@opera.com,7/29/2020,Genderfluid,077 Glacier Hill Terrace,136.38.36.43
Jozef,Labbez,jlabbez9b@instagram.com,5/12/2020,Genderfluid,02262 Straubel Place,211.211.71.225
Bartholomew,Bisterfeld,bbisterfeld9c@example.com,4/16/2020,Genderfluid,,22.244.104.81
Jaquenetta,Ribbens,jribbens9d@macromedia.com,8/19/2020,,,191.86.203.24
Felita,,freightley9e@ezinearticles.com,5/16/2020,Non-binary,,248.154.142.42
Jasper,Deneve,jdeneve9f@hibu.com,4/7/2020,Female,,197.234.162.201
Verne,Ashton,vashton9g@about.me,8/3/2020,Non-binary,5692 Mallory Trail,161.201.48.124
Waneta,,,4/12/2020,Genderqueer,24453 Green Ridge Place,84.165.230.48
Amble,Malimoe,amalimoe9i@home.pl,6/20/2020,Agender,808 Coolidge Point,59.174.226.190
Ilyssa,,idymocke9j@wiley.com,9/16/2020,Bigender,,85.204.26.149
Marlyn,Tupper,,,Genderfluid,54767 Daystar Terrace,181.229.29.82
Ardis,Muslim,,11/29/2020,Bigender,,2.71.94.208
,Maxweell,nmaxweell9m@ebay.co.uk,11/8/2020,Genderfluid,08752 Oriole Center,228.210.134.66
Caspar,Stookes,,10/11/2020,Non-binary,3 American Ash Way,199.141.44.31
Barbey,Sellar,,11/3/2020,Genderqueer,482 Hansons Road,196.33.76.24
Nathalia,Fishleigh,,8/25/2020,Genderqueer,49 Eggendart Junction,0.149.91.146
Candida,Boord,cboord9q@sourceforge.net,10/30/2020,Genderfluid,5172 Dapin Plaza,200.239.192.82
Glenine,Carney,gcarney9r@shareasale.com,10/23/2020,Non-binary,4 Mendota Parkway,43.108.246.101
Sal,Petticrow,spetticrow9s@bizjournals.com,3/31/2020,Genderfluid,08138 Scott Center,23.116.252.197
Brenden,Ainsley,bainsley9t@whitehouse.gov,6/23/2020,Polygender,20645 Anthes Way,225.179.215.25
Robin,Malinowski,rmalinowski9u@cnbc.com,9/4/2020,Agender,,202.155.99.232
Alyce,Mallinder,,,Male,,230.138.211.239
Marcel,Seeds,mseeds9w@github.io,2/4/2020,Male,3 Transport Avenue,92.104.57.87
Murvyn,Castagneri,mcastagneri9x@cdbaby.com,8/13/2020,Polygender,,22.111.209.250
Kurt,Meeson,kmeeson9y@hao123.com,,Female,,123.70.61.224
Lotte,,lloveitt9z@weibo.com,10/22/2020,Non-binary,,225.141.39.31
Chastity,Pagden,cpagdena0@tumblr.com,7/17/2020,Bigender,96245 High Crossing Center,241.174.118.232
,Paudin,tpaudina1@ucoz.ru,9/25/2020,Bigender,0 Bunting Terrace,63.205.242.213
Herschel,Bewsey,hbewseya2@so-net.ne.jp,11/12/2020,Genderqueer,,130.122.16.61
Callie,Cocks,ccocksa3@dailymail.co.uk,10/14/2020,Male,61 Autumn Leaf Place,252.143.166.123
,Wadley,lwadleya4@weibo.com,12/18/2020,Non-binary,46622 Ilene Junction,187.150.222.242
,Rathmell,arathmella5@ox.ac.uk,7/3/2020,Agender,319 Golf Course Point,26.219.15.132
Miguel,,mwharfea6@bandcamp.com,3/30/2020,Genderqueer,78 Morningstar Place,131.84.155.209
Isidoro,Liffey,iliffeya7@indiegogo.com,6/9/2020,Genderfluid,,141.132.5.59
Jill,Tebbit,jtebbita8@odnoklassniki.ru,6/14/2020,Bigender,81611 Pleasure Circle,150.51.199.5
Alanah,Pietrzak,apietrzaka9@mit.edu,9/1/2020,Male,5 Orin Crossing,69.26.219.153
Lissa,Hudless,lhudlessaa@wisc.edu,12/24/2020,Bigender,965 Maryland Lane,51.93.94.240
Dex,Ledes,dledesab@hostgator.com,9/2/2020,Genderqueer,,113.36.36.228
Felix,Vear,,6/19/2020,Genderqueer,33706 Park Meadow Junction,82.5.96.244
Vernon,Elener,velenerad@businessinsider.com,12/5/2020,Bigender,0066 Monterey Trail,187.105.213.197
Ethelbert,Conti,econtiae@umn.edu,2/18/2020,Polygender,3 Eagle Crest Point,71.52.5.130
Fayth,Kolodziej,fkolodziejaf@columbia.edu,,Non-binary,,92.162.214.211
Justino,Noblet,jnobletag@soundcloud.com,8/4/2020,Male,0297 Gina Street,56.199.194.120
Blane,,bmapholmah@ucoz.ru,1/7/2021,Genderfluid,9609 Manufacturers Hill,178.214.79.66
Amelie,Wicks,awicksai@hc360.com,8/28/2020,Polygender,3828 Almo Crossing,127.213.56.109
Gabe,Hearn,ghearnaj@multiply.com,,Bigender,2 Fuller Alley,169.216.112.79
,Cooksley,gcooksleyak@theatlantic.com,,Bigender,9627 Northport Court,65.210.193.40
Bernadina,Ell,bellal@thetimes.co.uk,12/9/2020,Male,2658 Donald Hill,77.223.200.58
Sergei,Lettsom,,7/26/2020,Male,,52.207.86.215
,Caldicott,wcaldicottan@dyndns.org,12/28/2020,Genderqueer,4673 3rd Parkway,89.247.0.243
Lucine,Stallen,lstallenao@state.tx.us,11/23/2020,Male,35 Meadow Valley Center,54.178.28.23
Orazio,Tann,otannap@dion.ne.jp,1/5/2021,Agender,0194 Algoma Way,100.43.148.166
Demetrius,Ritchman,dritchmanaq@barnesandnoble.com,1/4/2021,Non-binary,,70.130.212.203
Verne,McCluney,vmccluneyar@mapquest.com,12/30/2020,Non-binary,,34.100.174.75
Graeme,Ruggen,gruggenas@yandex.ru,11/20/2020,Male,0248 Granby Pass,196.132.241.162
Angelita,Trusler,atruslerat@sogou.com,7/24/2020,Male,6022 Lake View Terrace,146.135.198.234
Bobbi,Atheis,batheisau@howstuffworks.com,6/28/2020,Agender,22 Melby Drive,188.161.183.58
Jackqueline,Viant,jviantav@sohu.com,9/1/2020,Female,5 Scott Hill,183.207.88.27
Andrej,Lusher,alusheraw@discuz.net,7/18/2020,Agender,73691 Debra Place,38.250.230.44
Kirbie,Spraggon,kspraggonax@twitter.com,2/3/2020,Genderqueer,50067 Hauk Avenue,181.232.51.231
Dianne,Ivakhin,divakhinay@furl.net,8/12/2020,Male,26141 Sundown Crossing,246.204.49.88
Clayborne,,cvanbrugaz@cafepress.com,10/2/2020,,702 Dennis Way,110.170.181.233
Luis,Wheelband,,12/12/2020,Polygender,8 Shopko Terrace,1.226.94.63
June,McKeggie,jmckeggieb1@edublogs.org,10/19/2020,Agender,0759 Clarendon Junction,198.44.250.179
Lennie,Burlay,lburlayb2@nationalgeographic.com,1/18/2021,Genderqueer,5813 Elgar Trail,228.64.112.87
,Loddon,cloddonb3@fema.gov,1/16/2021,Genderqueer,18 Rusk Way,41.198.2.17
Filberte,Vost,fvostb4@exblog.jp,8/1/2020,Non-binary,,209.224.164.187
Tadeas,Roddam,troddamb5@yahoo.co.jp,4/16/2020,Genderfluid,0669 Jackson Street,216.213.80.130
Maighdiln,Bushell,mbushellb6@springer.com,8/8/2020,Polygender,9 Crescent Oaks Drive,83.9.162.32
Talbot,McRory,tmcroryb7@aol.com,1/15/2021,Genderqueer,56 Blaine Park,214.228.12.4
Aidan,Gavozzi,agavozzib8@hexun.com,3/12/2020,Bigender,725 Gateway Terrace,161.143.182.3
Renelle,Sapauton,,3/20/2020,Polygender,68142 Monterey Street,127.5.237.31
Moyra,Beaglehole,mbeagleholeba@wikipedia.org,2/20/2020,Genderqueer,5 Continental Terrace,82.135.45.222
Hamid,Curteis,hcurteisbb@dailymail.co.uk,6/12/2020,Male,84 Del Sol Crossing,136.228.210.235
Gery,Glas,,5/23/2020,Genderfluid,8 Roth Parkway,42.202.228.252
Corella,Rudyard,crudyardbd@ftc.gov,1/18/2021,Genderqueer,953 Hanover Center,38.63.142.233
Ericha,Cribbin,ecribbinbe@timesonline.co.uk,1/25/2021,,79216 Delaware Center,240.217.173.224
Allina,Cortin,acortinbf@liveinternet.ru,9/4/2020,Genderfluid,3404 Mallory Parkway,195.190.194.145
,Humes,jhumesbg@histats.com,12/8/2020,Genderfluid,19 Hauk Place,79.37.119.45
Edan,Sherar,esherarbh@google.co.jp,7/31/2020,Polygender,,67.129.235.255
Colly,Wornham,cwornhambi@wsj.com,7/16/2020,Male,61 Fremont Terrace,167.85.241.114
Isabelle,Diggar,idiggarbj@sitemeter.com,3/8/2020,Female,85459 Alpine Point,6.63.56.246
Dane,Peyro,dpeyrobk@epa.gov,,Bigender,0 Iowa Street,111.44.96.170
Leodora,Faas,lfaasbl@t-online.de,5/13/2020,Genderqueer,2256 Chinook Alley,129.185.20.230
Daryle,Gimeno,dgimenobm@ycombinator.com,7/25/2020,Female,25 Bay Road,136.154.46.219
Ab,Hanhart,ahanhartbn@imgur.com,1/23/2021,Genderfluid,,176.109.104.159
Vincenty,O'Dyvoie,vodyvoiebo@bloglovin.com,9/3/2020,Non-binary,,40.103.46.249
Corrie,Cheeney,ccheeneybp@xrea.com,3/24/2020,Male,,35.24.23.25
Rockwell,Mowday,rmowdaybq@google.it,12/3/2020,Polygender,8279 Oriole Place,176.211.193.26
Chrisse,Bonus,cbonusbr@de.vu,8/16/2020,Genderfluid,,4.142.228.238
Vivianna,Glendining,,1/28/2020,Genderfluid,96 Scoville Hill,187.72.64.6
Tony,Python,,11/18/2020,Agender,821 Russell Center,221.208.15.133
Cleve,Meacher,cmeacherbu@cnbc.com,12/2/2020,Genderqueer,1228 Prentice Circle,225.170.37.110
Georges,Diem,,10/2/2020,Agender,85341 Maryland Place,106.240.46.177
Antoine,Sunock,asunockbw@wikia.com,4/11/2020,Genderfluid,1684 West Circle,129.243.84.56
Nickola,Rothwell,,5/7/2020,Non-binary,39 Corscot Lane,114.201.24.247
Halie,Turri,hturriby@dropbox.com,8/30/2020,Bigender,502 Ruskin Trail,85.223.242.176
Matilde,Ryle,mrylebz@howstuffworks.com,9/22/2020,Non-binary,15 Sloan Circle,222.179.20.104
Pattie,Brayford,pbrayfordc0@skyrock.com,1/19/2021,Bigender,6 Quincy Lane,241.163.98.176
Ellerey,,esalewayc1@ovh.net,10/23/2020,Bigender,2709 Anthes Point,165.151.46.97
Ardelis,Swyne,aswynec2@home.pl,8/3/2020,Bigender,0816 Tomscot Crossing,207.221.1.104
Zed,,zbazirec3@pen.io,3/4/2020,Male,,57.222.192.141
Leoline,,,4/23/2020,Male,805 Toban Park,48.118.255.49
Mollie,McIlraith,,10/21/2020,,77976 Mayer Park,210.43.200.7
Eugenio,Keizman,ekeizmanc6@webeden.co.uk,1/5/2021,,,238.49.220.129
Clarabelle,Kittredge,ckittredgec7@nydailynews.com,5/15/2020,Genderqueer,80320 Merry Park,126.147.12.30
Kareem,Weedall,kweedallc8@bizjournals.com,8/7/2020,Bigender,56 Hermina Parkway,34.178.226.84
,Pawlowicz,epawlowiczc9@netlog.com,6/2/2020,Genderqueer,094 Burning Wood Way,33.228.155.141
Kelley,Rountree,krountreeca@noaa.gov,8/1/2020,Male,3 Amoth Circle,212.35.83.102
Quincy,Lamdin,qlamdincb@ca.gov,5/25/2020,Genderfluid,3 Charing Cross Junction,221.226.207.101
Ashby,Beadnall,abeadnallcc@myspace.com,7/11/2020,Genderqueer,,235.87.180.133
Lemar,Weippert,lweippertcd@rambler.ru,10/9/2020,Agender,5 Village Green Trail,237.36.217.109
Fran,Ledington,fledingtonce@nationalgeographic.com,8/22/2020,Non-binary,83616 Caliangt Park,2.218.74.151
Bartlett,Tinwell,btinwellcf@usgs.gov,11/29/2020,Non-binary,9761 Comanche Center,15.125.129.240
Aleda,Sprowles,asprowlescg@sitemeter.com,8/9/2020,Bigender,2 Carey Trail,143.189.107.159
Roberto,,rsunmanch@furl.net,9/10/2020,Polygender,823 Grover Circle,190.124.138.73
Cari,Feria,cferiaci@cbslocal.com,11/4/2020,Polygender,3078 Hagan Parkway,72.103.154.51
Wendeline,Elce,,10/5/2020,Female,5559 Service Park,110.119.3.135
Mario,Tyrone,mtyroneck@nature.com,6/6/2020,,,218.166.55.123
Celinda,Yerill,cyerillcl@redcross.org,9/11/2020,Genderfluid,27 Dorton Court,135.81.97.133
Stesha,Pimerick,spimerickcm@home.pl,9/6/2020,Male,28 Troy Road,220.111.99.253
Gregor,Pullinger,gpullingercn@umn.edu,2/10/2020,Male,6 Tennyson Way,172.22.27.157
Eba,Frayn,efraynco@google.es,7/22/2020,Male,,76.30.106.111
Millie,,mbohikecp@purevolume.com,6/5/2020,Non-binary,592 Lindbergh Circle,60.39.240.6
Barton,Mycroft,bmycroftcq@ucoz.ru,6/30/2020,,,171.161.248.137
,Valencia,,4/23/2020,Bigender,848 Mariners Cove Hill,29.123.69.111
Carey,Handley,chandleycs@noaa.gov,3/23/2020,Non-binary,7 Almo Center,47.209.221.253
Jeri,Seiler,,4/15/2020,Non-binary,7061 Fisk Place,68.161.168.177
Dara,Pietersen,dpietersencu@netvibes.com,3/15/2020,Agender,057 Stephen Alley,64.188.172.94
Matty,Bader,mbadercv@1und1.de,3/24/2020,Male,1 Birchwood Court,254.13.103.199
Agnes,Ottewill,aottewillcw@technorati.com,1/24/2021,Bigender,5 Menomonie Circle,69.218.127.225
Amii,Mazzilli,amazzillicx@creativecommons.org,10/27/2020,Agender,,17.71.138.72
Babara,Moody,bmoodycy@dailymail.co.uk,9/22/2020,Genderqueer,190 School Junction,11.113.199.5
Bentlee,Bouzek,bbouzekcz@histats.com,8/4/2020,Male,5 Forest Run Pass,124.184.33.201
Pat,Andersson,panderssond0@fc2.com,,Male,054 Scoville Center,96.102.87.253
Dougie,,dodennehyd1@facebook.com,,Non-binary,5904 Lotheville Court,61.155.248.43
Ferdinand,Coale,fcoaled2@slideshare.net,5/18/2020,Polygender,2881 Division Alley,97.227.142.106
Thoma,Garr,tgarrd3@ycombinator.com,4/5/2020,Bigender,98919 Arizona Park,31.47.193.57
Ranique,Caulcutt,rcaulcuttd4@archive.org,10/11/2020,Female,6531 Declaration Park,211.219.154.235
Smith,,sbrewittd5@delicious.com,7/29/2020,Polygender,3 Bobwhite Avenue,8.194.66.45
Faulkner,Chazerand,fchazerandd6@php.net,7/21/2020,Non-binary,6756 Arkansas Street,94.26.51.22
Gerladina,Broomhead,gbroomheadd7@rambler.ru,11/30/2020,Polygender,5 Burrows Circle,224.67.242.199
Morie,,mdunkinsond8@bloglovin.com,1/9/2021,Agender,,213.173.153.48
,Mabbs,,11/1/2020,Non-binary,41 Cardinal Street,226.199.65.134
Rea,Wimbury,rwimburyda@wikimedia.org,8/22/2020,Male,0 Menomonie Avenue,163.199.95.14
Tony,Dahlbom,,2/9/2020,,20021 Holy Cross Alley,22.108.203.71
Dru,Filipov,dfilipovdc@edublogs.org,5/13/2020,Polygender,513 Vermont Point,28.161.193.134
Eustace,McLagain,,5/20/2020,Genderfluid,28 Fremont Place,78.225.62.6
Lynne,Crasford,lcrasfordde@free.fr,9/4/2020,Male,74766 Bartelt Junction,117.1.134.149
Marjie,Penny,,9/11/2020,Non-binary,42179 Sauthoff Drive,58.122.15.165
Jarvis,Raddon,jraddondg@studiopress.com,7/23/2020,Female,,66.157.151.33
Gertie,Feely,gfeelydh@geocities.jp,2/27/2020,Bigender,72775 Moose Pass,238.71.87.17
Sheryl,,svignerondi@state.tx.us,4/8/2020,Male,0 Arkansas Lane,28.251.7.7
Ellswerth,Melchior,emelchiordj@virginia.edu,9/29/2020,Non-binary,95670 Dennis Plaza,128.94.118.127
Nollie,Bricksey,nbrickseydk@t.co,1/28/2020,Female,,71.124.173.185
,Treadger,dtreadgerdl@nyu.edu,7/22/2020,Genderfluid,07 Nancy Avenue,136.253.132.16
Hyacinthie,Di Gregorio,,8/17/2020,,,106.200.76.25
Doralia,Morefield,dmorefielddn@ycombinator.com,10/13/2020,Genderfluid,4682 Grayhawk Crossing,99.144.89.253
Lise,Rubee,lrubeedo@uiuc.edu,4/3/2020,Male,1041 New Castle Road,3.38.5.93
Charmian,Breukelman,cbreukelmandp@dailymail.co.uk,5/17/2020,Female,1 Blaine Parkway,45.60.55.242
Luelle,Michie,lmichiedq@parallels.com,11/11/2020,Polygender,,215.184.216.236
Maximilian,Hing,mhingdr@topsy.com,9/22/2020,Genderqueer,22557 Carberry Terrace,119.203.8.106
Madelina,Henniger,mhennigerds@1und1.de,4/14/2020,Bigender,874 Aberg Junction,194.23.120.55
Marven,,mguidottidt@homestead.com,9/21/2020,Genderfluid,,235.30.88.131
,,emarquezdu@aol.com,4/5/2020,Genderqueer,19043 Armistice Plaza,139.164.191.206
Missie,Tanzer,mtanzerdv@homestead.com,1/26/2020,Agender,441 Sunfield Lane,204.106.214.52
Hazel,World,hworlddw@businessweek.com,5/24/2020,Male,652 Spenser Hill,49.220.59.190
Mable,Herkess,mherkessdx@google.nl,9/26/2020,Agender,3020 Northridge Terrace,1.3.195.26
Davey,Towey,dtoweydy@google.com.br,10/19/2020,Genderqueer,420 Crowley Circle,235.163.35.234
Valina,Lettley,vlettleydz@redcross.org,11/11/2020,Polygender,047 Westridge Center,221.65.144.249
Kippie,Crummay,kcrummaye0@hhs.gov,4/16/2020,Male,864 Acker Avenue,201.120.165.224
Valencia,Kilgallon,vkilgallone1@imdb.com,12/9/2020,Agender,908 Warrior Parkway,214.254.242.53
Matthiew,Kinder,mkindere2@newsvine.com,1/3/2021,Bigender,68 Truax Pass,208.186.221.10
Valina,MacGillavery,vmacgillaverye3@sfgate.com,2/17/2020,Bigender,,248.93.108.130
,Pietzke,,3/26/2020,,88555 Cascade Circle,219.191.91.9
Silvia,Glen,sglene5@canalblog.com,10/26/2020,Male,89460 Starling Circle,2.184.239.198
Marline,Yedy,myedye6@state.tx.us,8/29/2020,Genderqueer,904 Union Crossing,2.120.74.193
Sergent,Dominka,sdominkae7@instagram.com,1/2/2021,Bigender,,150.35.127.27
,Tootin,ktootine8@msn.com,2/13/2020,Polygender,9 Jenifer Place,151.52.215.193
Jennie,McClaren,jmcclarene9@surveymonkey.com,,Polygender,,98.161.134.178
Ambros,Martignoni,amartignoniea@nba.com,9/28/2020,Male,82743 Colorado Terrace,104.170.195.36
Hildy,Fairfull,hfairfulleb@shareasale.com,9/12/2020,Polygender,43233 Kings Alley,235.118.125.252
Ebeneser,,ebenleyec@sun.com,4/14/2020,,43359 Schmedeman Center,85.151.200.27
Thomasine,Jardine,tjardineed@chicagotribune.com,3/12/2020,Genderqueer,54 Fairview Park,230.57.192.112
Dud,Le Marchant,dlemarchantee@bizjournals.com,1/8/2021,Agender,4 Lindbergh Way,207.100.77.174
Suzy,Farrow,sfarrowef@google.cn,12/3/2020,Non-binary,21173 Nova Park,52.93.44.199
,Mc Coughan,tmccoughaneg@seattletimes.com,12/30/2020,Male,70 Little Fleur Alley,119.188.139.102
Mozes,Eccleshall,meccleshalleh@discovery.com,6/23/2020,Agender,0 Havey Center,18.61.208.110
Siana,Vanyashin,svanyashinei@dmoz.org,4/14/2020,Bigender,45689 Bartelt Circle,243.243.83.125
Shalom,Pearcehouse,,5/15/2020,Polygender,9 Parkside Street,60.104.250.79
Laurena,Dingle,ldingleek@intel.com,5/3/2020,,06 Blue Bill Park Point,74.229.81.62
Doll,O'Toole,dotooleel@indiegogo.com,4/1/2020,Agender,49 Bunting Plaza,38.227.219.90
Kerr,Dillingstone,kdillingstoneem@youtu.be,4/23/2020,Genderqueer,7 Helena Plaza,219.105.207.110
Grove,Cookes,gcookesen@github.com,7/22/2020,Genderqueer,42911 Petterle Lane,87.34.69.137
Zola,Colwell,zcolwelleo@independent.co.uk,12/14/2020,,914 Redwing Center,188.15.235.220
Tabbi,Smitham,tsmithamep@uiuc.edu,7/25/2020,Genderqueer,,96.102.243.230
Dickie,Timmis,dtimmiseq@fc2.com,5/12/2020,Polygender,,147.9.27.242
Donnell,Cisland,dcislander@i2i.jp,10/2/2020,Female,1241 Forest Dale Point,93.240.94.165
Steven,Pigne,spignees@theguardian.com,,Agender,44 Judy Center,250.18.89.198
Taryn,Aisthorpe,taisthorpeet@mtv.com,8/3/2020,Non-binary,46103 Upham Avenue,11.62.238.220
Lev,Griss,,5/3/2020,Male,1 Maple Road,42.133.80.207
Wait,Mann,wmannev@google.it,7/18/2020,Genderqueer,69 Roth Terrace,15.211.221.93
Kristy,McCane,kmccaneew@answers.com,8/28/2020,Polygender,,185.26.112.205
Tedman,Del Dello,tdeldelloex@wired.com,5/12/2020,Female,08 Sunnyside Street,131.106.155.137
Gamaliel,Skates,gskatesey@fastcompany.com,5/16/2020,Male,99414 Packers Circle,64.199.71.201
Bethina,Grubey,,3/22/2020,Non-binary,11 Di Loreto Lane,77.199.36.56
Meghann,Rickell,mrickellf0@webeden.co.uk,4/18/2020,Bigender,5 Algoma Court,9.122.229.27
Barbee,Renneke,brennekef1@umn.edu,7/25/2020,,,218.87.223.6
Cheslie,Gutridge,cgutridgef2@so-net.ne.jp,12/28/2020,Genderqueer,7195 Nobel Alley,29.6.113.36
,Jervoise,bjervoisef3@blinklist.com,7/4/2020,Bigender,5 Cordelia Park,202.1.178.168
Bartholemy,Lamberti,blambertif4@merriam-webster.com,7/8/2020,,,192.156.153.185
Guendolen,Callister,,5/8/2020,Male,542 Kingsford Terrace,47.224.59.181
Forrester,Mawhinney,fmawhinneyf6@bing.com,7/1/2020,Non-binary,680 Ramsey Hill,22.3.15.30
Jemima,Ramelet,jrameletf7@shareasale.com,8/1/2020,Female,100 West Terrace,181.28.246.13
Mallory,Farraway,mfarrawayf8@indiatimes.com,2/18/2020,Polygender,0055 Kedzie Trail,107.157.3.183
Conrado,Fomichkin,cfomichkinf9@about.me,2/2/2020,Polygender,,201.35.200.138
Debi,McFarlane,dmcfarlanefa@clickbank.net,2/10/2020,Genderqueer,050 Lakewood Junction,53.33.92.43
Constantine,Feldon,cfeldonfb@mlb.com,12/26/2020,Non-binary,4 Merrick Center,250.65.59.160
Gerda,Fowls,gfowlsfc@reddit.com,,Bigender,4 Almo Street,120.89.131.197
Sherm,Durdle,sdurdlefd@cyberchimps.com,2/17/2020,Genderqueer,14095 Bay Court,39.141.107.143
Caye,Bottjer,cbottjerfe@zimbio.com,7/28/2020,Male,22525 Ramsey Center,14.162.117.204
Kelvin,,kortlerff@wp.com,10/21/2020,Polygender,,210.74.230.202
Silvain,Ungerer,,4/10/2020,Bigender,8 Nobel Way,26.239.118.32
Shae,Meak,smeakfh@behance.net,10/12/2020,Female,192 Columbus Road,11.143.105.170
Erda,Mougel,emougelfi@posterous.com,1/31/2020,Genderqueer,1 Randy Parkway,136.240.190.80
Rutter,Rappa,rrappafj@zdnet.com,1/22/2021,Polygender,3 Debs Court,223.43.139.207
Lorinda,O'Callaghan,,8/20/2020,Bigender,330 Warner Court,16.134.214.26
Tobias,Longworthy,tlongworthyfl@privacy.gov.au,7/27/2020,Male,,179.84.83.172
Lewie,Whitehair,lwhitehairfm@tamu.edu,12/5/2020,Male,46690 Hooker Court,129.225.142.106
Clemmy,Branthwaite,,5/5/2020,Male,6651 Norway Maple Crossing,104.169.132.187
Anthiathia,Ralston,,,Female,69321 Spohn Way,244.84.42.105
Brooke,Heiton,bheitonfp@pen.io,9/8/2020,Genderqueer,531 Kings Junction,243.210.76.100
Catie,MacRierie,cmacrieriefq@t.co,3/1/2020,Genderqueer,4162 Kensington Lane,14.101.190.174
Bradford,Moth,bmothfr@elpais.com,3/21/2020,Male,,214.125.49.53
Berni,Marlor,bmarlorfs@bloglines.com,10/10/2020,Agender,3 6th Trail,139.191.60.96
Leanora,Jaggard,ljaggardft@quantcast.com,4/14/2020,Non-binary,,214.85.13.70
Mikel,Karchowski,mkarchowskifu@i2i.jp,7/13/2020,Male,42887 Surrey Street,200.222.62.59
Kristopher,Aron,karonfv@cbsnews.com,1/7/2021,Genderfluid,398 Green Ridge Drive,171.219.13.107
Lory,Springtorpe,,1/23/2021,Male,1378 Knutson Parkway,150.18.248.7
Trenton,Culshew,tculshewfx@va.gov,11/26/2020,Agender,31 Morning Point,204.253.94.1
Hadlee,Mompesson,hmompessonfy@lulu.com,3/2/2020,Bigender,4175 Nobel Way,12.153.207.73
Octavius,Nuth,onuthfz@privacy.gov.au,8/28/2020,Genderqueer,,118.159.64.227
Astra,Pressey,apresseyg0@123-reg.co.uk,7/24/2020,Male,9415 Dunning Pass,9.22.229.99
Tadio,Brigdale,tbrigdaleg1@hp.com,2/17/2020,Genderqueer,,156.75.171.250
Abelard,Blincow,ablincowg2@nih.gov,11/21/2020,Genderfluid,99793 Warbler Road,157.156.90.142
Orelee,O'Neil,ooneilg3@meetup.com,12/22/2020,Genderfluid,,45.194.66.254
Tamma,Pidgeley,tpidgeleyg4@skyrock.com,4/11/2020,Bigender,,158.159.211.99
Jelene,Valsler,jvalslerg5@blogspot.com,8/4/2020,Genderfluid,,121.73.73.91
Dane,,dvanweedenburgg6@hibu.com,2/18/2020,Polygender,596 Laurel Trail,47.197.64.62
Sheilakathryn,Arkow,sarkowg7@nytimes.com,1/10/2021,Agender,66204 Northview Alley,90.200.69.148
Bartel,Sisland,bsislandg8@gmpg.org,3/20/2020,Bigender,74125 Lighthouse Bay Park,116.53.113.79
Seymour,Honacker,shonackerg9@shinystat.com,5/22/2020,Non-binary,,131.240.42.240
Arley,Buttrick,abuttrickga@cnet.com,2/25/2020,Agender,60237 Reindahl Plaza,238.225.119.93
Janie,Ciementini,jciementinigb@meetup.com,9/30/2020,Genderfluid,,25.76.62.69
Aeriel,,aedelergc@g.co,9/30/2020,Male,89 Nobel Court,199.119.12.128
,Duddell,,12/9/2020,Non-binary,754 Redwing Pass,196.212.128.200
Patrice,Mathey,pmatheyge@ucsd.edu,4/19/2020,Genderqueer,,161.167.201.50
Marne,Humby,mhumbygf@amazon.co.jp,9/9/2020,Agender,23 Forest Run Hill,223.100.100.9
Nelson,Rasper,nraspergg@rambler.ru,7/21/2020,Non-binary,90 Ridge Oak Center,25.158.126.149
Andreana,Cossem,,4/25/2020,Female,227 Main Junction,57.26.234.232
Irwinn,,imcallgi@yellowpages.com,5/21/2020,Genderqueer,08773 Jenifer Road,11.88.70.141
Nelson,Lettson,,1/27/2020,Non-binary,8 Pepper Wood Point,226.221.111.149
Seline,,sbellissgk@ask.com,9/21/2020,Agender,,52.239.104.124
Beaufort,Georgeson,bgeorgesongl@macromedia.com,6/21/2020,Non-binary,,94.201.93.4
Kimberlee,O' Dornan,,1/16/2021,Male,,15.74.93.98
Lucias,Bletsor,lbletsorgn@indiatimes.com,8/3/2020,Female,057 Steensland Plaza,254.137.237.76
Arney,Done,,4/24/2020,Female,5 Bartillon Trail,32.248.158.159
Kippie,Panchin,kpanchingp@home.pl,9/21/2020,Female,31 Division Plaza,219.109.226.9
Lacee,Dunsleve,ldunslevegq@arstechnica.com,8/24/2020,Genderfluid,07 Washington Hill,89.50.70.66
Isabel,Syddall,isyddallgr@huffingtonpost.com,4/28/2020,Genderqueer,,83.106.215.59
Darda,Fansy,dfansygs@purevolume.com,11/19/2020,Non-binary,944 Michigan Street,250.175.167.101
Allina,Synder,asyndergt@google.com.br,5/1/2020,Female,62424 Anhalt Terrace,55.119.126.169
Ronnie,,rsevittgu@fema.gov,12/31/2020,Genderqueer,64824 Armistice Crossing,41.196.27.95
Dodie,Fredy,dfredygv@jiathis.com,3/29/2020,Genderqueer,9114 Ronald Regan Way,209.10.41.120
Ivory,Mears,imearsgw@meetup.com,11/6/2020,Agender,94 Westridge Pass,66.76.87.97
Sheela,,smathwengx@netscape.com,8/31/2020,Male,,39.147.192.183
Tera,Santi,tsantigy@ftc.gov,10/18/2020,,234 Sutherland Road,84.209.148.33
Gabi,,gdykagz@sina.com.cn,6/4/2020,Bigender,28619 Garrison Plaza,152.126.188.84
Ives,Hugh,ihughh0@comcast.net,7/28/2020,Genderqueer,14 Dahle Street,212.13.73.98
Ed,Beacon,ebeaconh1@geocities.com,7/18/2020,Genderfluid,39 Gateway Place,215.3.33.153
Ellis,Lawlie,elawlieh2@ucla.edu,2/19/2020,,631 Waxwing Trail,218.105.131.206
Darius,Beedle,dbeedleh3@mozilla.com,5/4/2020,Bigender,24872 Trailsway Circle,27.193.203.69
Herve,Coop,hcooph4@hibu.com,2/1/2020,Bigender,820 Westend Avenue,13.183.144.86
Arlina,,ademogeoth5@google.es,7/20/2020,Non-binary,,230.246.226.59
Marthena,Heinemann,mheinemannh6@amazon.de,10/24/2020,Non-binary,3 Morrow Circle,152.143.134.118
Glenn,Easum,geasumh7@51.la,11/19/2020,,7994 Florence Hill,191.234.177.167
,Toleman,etolemanh8@histats.com,9/25/2020,Genderfluid,616 Oriole Trail,111.5.37.175
Steven,McOrkil,smcorkilh9@fastcompany.com,1/27/2020,Non-binary,7101 Derek Street,115.9.185.172
Normy,Crowthe,ncrowtheha@blogger.com,8/5/2020,Female,6492 Kinsman Circle,245.0.109.38
Catlee,Dryburgh,cdryburghhb@youtu.be,4/4/2020,Genderfluid,78 Leroy Alley,193.163.242.94
Allin,Edwinson,,,Genderfluid,2 Debs Parkway,20.85.164.232
Alexi,Harmond,aharmondhd@gizmodo.com,1/23/2021,,,55.63.255.251
,Cham,tchamhe@ox.ac.uk,9/28/2020,Genderfluid,70 Hagan Junction,2.80.216.83
,Satterly,,9/8/2020,,06986 Dahle Plaza,120.186.170.53
Ethe,Vidgeon,evidgeonhg@livejournal.com,5/10/2020,,7210 Basil Trail,206.54.121.200
,Lagden,blagdenhh@ucoz.ru,12/28/2020,Male,,191.170.204.216
Balduin,Harvett,bharvetthi@google.de,2/12/2020,Genderqueer,0 2nd Park,162.87.186.103
Sidonnie,Gascoyen,sgascoyenhj@privacy.gov.au,4/1/2020,Polygender,5 Gerald Way,228.5.177.83
,Eringey,deringeyhk@mac.com,6/29/2020,Bigender,,92.103.207.67
Franky,Bellanger,fbellangerhl@springer.com,8/16/2020,Bigender,47362 Monterey Way,109.86.74.24
Micky,,mhasemanhm@baidu.com,3/10/2020,Genderqueer,431 Rockefeller Center,126.10.123.93
Sawyere,Gerckens,sgerckenshn@tmall.com,1/5/2021,Polygender,1109 Express Court,60.183.100.169
Ephraim,Devinn,edevinnho@un.org,7/30/2020,Male,88 Annamark Court,70.65.59.1
Jeffrey,Blazej,jblazejhp@amazon.co.uk,7/12/2020,Polygender,843 Iowa Terrace,75.181.154.42
Sauveur,Ketchen,sketchenhq@ihg.com,7/12/2020,Non-binary,,254.236.92.29
Milt,,mbirkwoodhr@unesco.org,2/28/2020,Male,28161 Loeprich Pass,64.116.135.28
Carry,Felce,cfelcehs@tinypic.com,,Agender,44 Blaine Drive,67.8.153.2
Gardiner,Mathwin,gmathwinht@google.com.hk,5/5/2020,Non-binary,,190.34.129.194
Lambert,Cumberledge,lcumberledgehu@hibu.com,7/13/2020,Agender,4 Redwing Circle,28.139.96.187
Thaddeus,Dullard,tdullardhv@msn.com,11/2/2020,Non-binary,75024 Sherman Court,104.207.204.81
Cathrin,Mustchin,cmustchinhw@pagesperso-orange.fr,6/2/2020,Agender,7 Pankratz Pass,113.142.219.49
Marje,Dran,,9/24/2020,Polygender,80825 Pierstorff Place,175.251.96.81
Leif,Plane,lplanehy@utexas.edu,6/21/2020,Non-binary,8 Dahle Junction,4.178.195.18
Mellie,,mlynetthz@about.com,11/1/2020,Polygender,1483 Continental Road,37.20.79.0
Meggie,,mfiennesi0@jugem.jp,11/15/2020,Non-binary,,83.85.115.84
Merwin,,mspaini1@cocolog-nifty.com,,Genderfluid,629 Gina Plaza,77.216.229.135
Kassi,Feeham,kfeehami2@slate.com,8/13/2020,Bigender,80246 Badeau Way,211.98.206.74
Jobye,,jmacnishi3@soup.io,10/31/2020,Polygender,42825 Ronald Regan Circle,54.158.52.145
Malva,,mgullani4@opera.com,8/12/2020,Polygender,24956 Packers Park,238.147.73.190
Web,Baldacchino,wbaldacchinoi5@techcrunch.com,1/22/2021,,52 Nevada Center,91.68.35.27
Townie,Tomicki,ttomickii6@weather.com,11/2/2020,Male,82230 Mandrake Parkway,171.1.124.205
Iggie,Gutowska,igutowskai7@tamu.edu,8/3/2020,Polygender,771 Coolidge Pass,130.19.1.132
Meryl,,mstoppei8@jugem.jp,4/29/2020,Bigender,73306 Elmside Center,4.243.221.153
Berne,,bregardsoei9@woothemes.com,7/16/2020,Agender,000 Rutledge Plaza,56.37.196.16
Allard,Dowda,adowdaia@thetimes.co.uk,9/6/2020,Female,3 Eliot Drive,197.100.79.72
Karylin,Whitfield,kwhitfieldib@statcounter.com,10/25/2020,Genderqueer,95797 Pepper Wood Place,240.186.106.227
Marshal,Ahrend,mahrendic@tiny.cc,12/17/2020,Polygender,08 Holmberg Court,131.238.217.221
Tait,Bendon,tbendonid@miibeian.gov.cn,,Female,4871 Mosinee Crossing,105.158.32.160
Gilberte,Wendover,gwendoverie@time.com,12/12/2020,Agender,2 Old Shore Plaza,107.77.48.90
,Wesson,mwessonif@scribd.com,4/1/2020,Non-binary,75 Blue Bill Park Lane,133.243.168.147
Coraline,Immins,cimminsig@bbc.co.uk,,Agender,86 Rockefeller Avenue,148.145.179.144
Reidar,Bedow,rbedowih@joomla.org,9/24/2020,Bigender,3478 Acker Lane,30.102.118.78
Oralla,Hutley,ohutleyii@nyu.edu,3/15/2020,Genderqueer,430 Springview Center,171.179.25.186
Farlee,Giorgietto,fgiorgiettoij@thetimes.co.uk,7/31/2020,Male,,28.17.34.113
Stephannie,Sansun,ssansunik@opera.com,11/1/2020,Non-binary,76705 Swallow Trail,117.40.248.173
,Rait,araitil@oaic.gov.au,2/10/2020,Bigender,0 Carioca Court,88.211.231.12
Ignace,Sandyford,isandyfordim@arstechnica.com,3/1/2020,Non-binary,,207.229.184.31
Gavra,Bollins,gbollinsin@uol.com.br,6/9/2020,Agender,655 Muir Center,89.176.87.201
Gaynor,Jagg,gjaggio@jigsy.com,8/16/2020,Polygender,900 La Follette Pass,189.15.217.214
Rooney,Biasi,rbiasiip@wordpress.com,8/10/2020,Female,,102.204.44.85
Rhianna,Curro,rcurroiq@businesswire.com,12/13/2020,Agender,5415 Summit Street,152.218.100.35
Carrol,Brodeur,cbrodeurir@cpanel.net,2/24/2020,Bigender,3 Becker Alley,75.115.82.66
Amos,Brabban,abrabbanis@chicagotribune.com,7/13/2020,Male,6 Aberg Lane,213.96.11.148
Kenton,Rossbrooke,,7/30/2020,,892 Pepper Wood Road,222.23.126.112
Toma,Wickliffe,,10/14/2020,Genderfluid,00899 Moland Pass,112.182.93.161
Analiese,Trevaskis,,8/3/2020,Polygender,49634 Rigney Court,232.3.0.113
Blinny,,bhannondiw@wordpress.org,11/20/2020,Female,9 Loeprich Center,143.181.245.57
Erinn,Stonman,estonmanix@merriam-webster.com,2/1/2020,Agender,72848 Waubesa Road,214.29.111.68
Sharona,Bugge,,8/21/2020,Agender,,203.155.25.192
Shandie,Lethcoe,slethcoeiz@vistaprint.com,2/20/2020,Polygender,95 Dottie Junction,113.71.156.199
Stepha,Van Waadenburg,svanwaadenburgj0@google.com.au,9/12/2020,Non-binary,371 Westend Terrace,165.215.86.235
Mireielle,Laudham,mlaudhamj1@toplist.cz,4/11/2020,Bigender,170 Mcbride Hill,47.80.47.26
Moria,Tassell,mtassellj2@blinklist.com,2/6/2020,Female,,103.179.115.253
Lynne,McKimmey,lmckimmeyj3@nydailynews.com,9/25/2020,Genderfluid,9241 Forest Drive,253.236.90.227
Heinrick,Albrighton,,11/28/2020,Female,,81.249.154.105
Tandy,Maystone,tmaystonej5@sohu.com,1/16/2021,Male,101 Sycamore Road,229.167.113.165
Cooper,Leftridge,cleftridgej6@vinaora.com,7/17/2020,Agender,,250.115.61.56
Lilah,Itzkovitch,litzkovitchj7@weibo.com,11/24/2020,Female,56 Colorado Place,20.38.57.169
Laney,,ltunnj8@networksolutions.com,5/6/2020,Agender,21 Green Junction,234.69.202.100
,Dearness,sdearnessj9@netscape.com,7/19/2020,Female,091 Service Place,95.89.181.171
Elizabeth,Twelvetrees,etwelvetreesja@indiegogo.com,8/28/2020,Genderqueer,250 Melody Park,19.14.252.130
Maisey,Paquet,,1/29/2020,Genderfluid,84677 Hollow Ridge Way,42.80.226.35
Stefa,Poytheras,spoytherasjc@de.vu,12/24/2020,Female,,78.34.35.238
Torie,Kapelhoff,tkapelhoffjd@sourceforge.net,8/30/2020,Female,,21.39.136.1
Byran,Diglin,bdiglinje@fema.gov,10/4/2020,Polygender,30237 Mayfield Point,168.216.224.177
Marlee,Parfrey,mparfreyjf@mac.com,10/30/2020,Bigender,21841 North Circle,123.160.76.224
Enrika,Chetwind,echetwindjg@g.co,9/3/2020,Genderqueer,9 Lakewood Circle,254.4.95.1
Lauralee,Chopping,lchoppingjh@sohu.com,11/27/2020,Genderqueer,692 Kinsman Parkway,30.65.68.47
Dulcia,Dreamer,ddreamerji@blogspot.com,3/23/2020,Male,,71.251.33.217
Margarette,Tatchell,,3/13/2020,Male,0 Meadow Vale Junction,116.109.248.195
Bird,Sisneros,bsisnerosjk@so-net.ne.jp,11/16/2020,Bigender,,223.208.95.154
Lela,Seymer,lseymerjl@blogs.com,3/2/2020,Polygender,544 Stuart Pass,112.201.252.204
Jo-anne,Cavie,jcaviejm@slideshare.net,6/13/2020,Bigender,86 Lukken Drive,103.73.143.76
Katrine,Beadnell,kbeadnelljn@facebook.com,5/19/2020,Polygender,0698 Erie Terrace,184.114.243.242
Timmy,Lesor,tlesorjo@google.cn,10/15/2020,Bigender,,48.110.162.143
Carny,Ninnis,cninnisjp@pinterest.com,4/29/2020,Polygender,2 Linden Drive,180.145.227.19
Willis,Geraudel,wgeraudeljq@google.es,5/29/2020,Genderfluid,9730 International Terrace,225.243.251.84
Sampson,Jorger,sjorgerjr@columbia.edu,1/18/2021,Agender,83243 Starling Street,212.241.158.161
,Kopec,bkopecjs@theatlantic.com,4/24/2020,Male,7 Carpenter Street,220.53.185.35
Darlene,Fernandes,dfernandesjt@opensource.org,3/8/2020,Genderfluid,428 Havey Hill,82.222.203.73
Karlen,Renals,krenalsju@shareasale.com,4/29/2020,Genderfluid,,61.170.101.56
,Heitz,nheitzjv@blogspot.com,11/6/2020,Genderfluid,,234.70.128.89
Bernadene,Cowthart,bcowthartjw@shutterfly.com,10/27/2020,Genderqueer,94 Norway Maple Lane,67.61.208.189
Esther,,ebonhommejx@barnesandnoble.com,7/11/2020,,3 Moose Street,76.67.248.112
,Cordingley,gcordingleyjy@indiegogo.com,12/10/2020,Polygender,8 Marcy Alley,253.41.169.14
Nanny,Kroin,,2/23/2020,Female,,137.22.92.204
Ursala,Lister,ulisterk0@mtv.com,12/22/2020,Bigender,43885 Towne Crossing,26.80.76.64
Perrine,Heineken,pheinekenk1@home.pl,4/3/2020,Bigender,7292 8th Drive,250.137.54.67
Mozes,Peschke,,10/15/2020,Genderfluid,14 Lunder Circle,16.67.238.142
Patsy,Newland,pnewlandk3@nps.gov,5/9/2020,Polygender,1495 Sachtjen Hill,199.11.175.30
,,adyek4@seattletimes.com,,Agender,59 Eagan Crossing,232.0.88.232
Patrick,Pocock,ppocockk5@oakley.com,,Agender,79 Meadow Valley Junction,92.210.70.253
Larina,Dymick,ldymickk6@macromedia.com,9/10/2020,Agender,4186 Goodland Hill,71.230.50.51
Cullan,Guyver,cguyverk7@github.io,7/30/2020,Agender,51388 La Follette Place,199.129.193.132
Augustine,,atenchk8@apache.org,12/13/2020,Polygender,6 Evergreen Avenue,45.21.168.187
Mathe,Southeran,,8/17/2020,Male,2279 Fordem Alley,89.97.138.0
Audrie,Pitfield,apitfieldka@pagesperso-orange.fr,4/11/2020,Male,9 Lawn Alley,125.124.223.201
Ervin,Garza,egarzakb@weibo.com,3/19/2020,Polygender,189 Meadow Ridge Street,32.234.123.3
,Reisk,wreiskkc@mozilla.com,10/15/2020,Genderfluid,4175 Esker Hill,13.105.216.124
Herc,Brunton,,4/4/2020,Non-binary,0 Holmberg Court,118.187.12.40
,Fessions,afessionske@privacy.gov.au,,Bigender,0040 Fuller Parkway,158.219.243.166
Karen,Maroney,kmaroneykf@yolasite.com,4/23/2020,Agender,61 Hollow Ridge Plaza,75.60.208.77
Manya,Gue,,8/27/2020,Female,0 Melby Alley,159.25.92.33
Maximilianus,Archbald,marchbaldkh@tiny.cc,8/9/2020,Non-binary,83326 Novick Lane,116.206.152.134
Suellen,Peepall,speepallki@bravesites.com,4/22/2020,Agender,29048 Maple Center,121.160.52.132
Michaella,MacCahee,mmaccaheekj@dailymotion.com,7/18/2020,Bigender,28 Little Fleur Center,104.251.30.5
Christina,,,4/1/2020,Agender,6 Maple Wood Way,45.241.152.82
Jaquenette,Kingsly,jkingslykl@sohu.com,7/2/2020,Genderfluid,,188.211.120.178
Marven,MacWilliam,mmacwilliamkm@usa.gov,9/2/2020,Female,8 Mcbride Park,69.120.132.69
Fran,Riddles,friddleskn@intel.com,3/17/2020,,44713 Stephen Lane,69.233.250.202
Gavan,Woolen,gwoolenko@si.edu,4/6/2020,Female,,167.28.57.79
Reagan,MacIlory,,5/10/2020,Non-binary,138 Upham Lane,57.247.122.150
Bunnie,Andrus,bandruskq@china.com.cn,3/6/2020,Genderqueer,117 Moland Plaza,25.194.194.106
Duncan,Etuck,detuckkr@stanford.edu,2/11/2020,Male,4104 Bartelt Drive,209.45.187.179
Carlie,Ohm,cohmks@github.com,7/19/2020,Genderfluid,87 Lighthouse Bay Road,108.15.241.35
Tades,Gilardengo,tgilardengokt@reference.com,12/8/2020,Male,59826 Kingsford Court,104.136.151.251
Vivian,Sumshon,vsumshonku@harvard.edu,8/3/2020,Male,74163 2nd Lane,101.98.61.1
,Rosenblatt,irosenblattkv@oracle.com,4/23/2020,Male,4756 Green Place,173.211.82.14
Rachele,,rmccrostiekw@census.gov,9/16/2020,Bigender,826 Straubel Center,46.207.7.242
Sherye,Jouanet,sjouanetkx@networkadvertising.org,9/3/2020,Genderqueer,40 Anniversary Trail,131.163.183.108
Mareah,Atterbury,matterburyky@amazonaws.com,12/26/2020,,48 Independence Terrace,137.30.123.69
Dorice,Berzons,,1/14/2021,Bigender,,216.181.117.165
Mirabel,Duchant,mduchantl0@npr.org,2/14/2020,Male,1190 Chive Pass,100.106.96.194
Carey,,,2/17/2020,Bigender,0434 Myrtle Crossing,1.44.179.53
Ertha,Arnson,earnsonl2@wiley.com,8/30/2020,Polygender,12 Shoshone Court,230.143.155.187
Stormi,Amthor,samthorl3@usgs.gov,,Genderqueer,54503 Hayes Road,85.235.58.9
Marc,Pettiford,mpettifordl4@pbs.org,1/15/2021,Bigender,599 Gale Court,62.200.152.227
Genna,Leadbeatter,gleadbeatterl5@chron.com,11/5/2020,Non-binary,4337 Vermont Street,169.118.219.69
,Brandino,jbrandinol6@xing.com,10/6/2020,Male,1 Hermina Terrace,28.164.132.90
Freda,Scirman,fscirmanl7@naver.com,2/7/2020,Polygender,00 Melody Alley,87.79.131.102
Querida,Simkiss,qsimkissl8@toplist.cz,8/9/2020,Non-binary,,0.179.220.209
Beatriz,Wooderson,bwoodersonl9@deviantart.com,7/31/2020,Agender,01438 Walton Road,193.148.229.56
,,adericotla@noaa.gov,5/12/2020,Female,,82.95.241.98
,Meese,bmeeselb@ning.com,11/2/2020,Polygender,789 Bunker Hill Court,81.173.61.198
Adair,Heliar,aheliarlc@home.pl,7/27/2020,Polygender,00 Spaight Drive,3.135.234.145
Lorain,,lsheardsld@ihg.com,8/31/2020,Male,99 Sloan Terrace,198.13.205.105
Pollyanna,Loughran,ploughranle@vistaprint.com,8/1/2020,Non-binary,,20.137.192.26
Erl,,,1/26/2020,Genderqueer,92 Monterey Plaza,139.19.232.129
Hanna,Crosio,hcrosiolg@umich.edu,10/21/2020,Agender,46751 Butterfield Plaza,2.57.35.164
Tanner,Lapsley,tlapsleylh@dmoz.org,3/15/2020,Polygender,558 Melrose Pass,152.7.108.38
Lavena,Drews,ldrewsli@reddit.com,7/23/2020,Genderqueer,,194.29.126.41
Mari,,mcowuplj@yellowpages.com,12/26/2020,Genderfluid,47222 Sugar Point,199.237.101.181
Hercule,McCaughren,,1/31/2020,Male,3515 Delladonna Avenue,188.197.69.172
Adams,Hallick,ahallickll@cam.ac.uk,11/30/2020,Genderqueer,25 Schurz Terrace,164.147.235.137
Fanechka,McBeith,fmcbeithlm@timesonline.co.uk,7/23/2020,Agender,9 Milwaukee Terrace,53.164.131.52
Sherwin,Marian,smarianln@imgur.com,1/21/2021,Non-binary,1 Thierer Hill,92.87.160.250
Darill,Alwin,dalwinlo@storify.com,9/20/2020,Genderfluid,43958 Towne Circle,183.23.20.194
Leese,Bishell,,5/5/2020,Genderfluid,6 Reindahl Lane,228.120.133.161
,Clute,hclutelq@google.com.br,10/22/2020,,3 Maple Place,227.110.33.57
,Paolozzi,opaolozzilr@webs.com,11/2/2020,Agender,98844 Park Meadow Pass,91.176.175.239
Bonni,Colter,bcolterls@senate.gov,4/15/2020,Male,,252.165.166.113
Marlie,Herley,mherleylt@jiathis.com,6/6/2020,Female,6556 Towne Court,99.15.226.60
Benton,,bcrudgingtonlu@1688.com,12/18/2020,Genderqueer,,31.176.176.62
Abbott,,agirardlv@infoseek.co.jp,4/11/2020,Non-binary,7 Bartelt Road,4.50.175.190
Amby,Lamar,alamarlw@mysql.com,4/3/2020,Genderqueer,96 Waywood Terrace,103.209.236.72
Gabriel,,gjedrzejewskylx@vinaora.com,7/8/2020,Agender,,236.170.40.180
,Paolicchi,ppaolicchily@so-net.ne.jp,6/20/2020,Genderqueer,,196.28.132.181
Pierce,,ppowlz@free.fr,12/21/2020,Female,2 Arkansas Terrace,224.133.16.63
Vania,Potten,vpottenm0@sina.com.cn,1/5/2021,Bigender,93052 Lotheville Alley,241.103.56.23
Delmore,Denkel,,11/2/2020,Genderqueer,,226.231.225.139
Rich,,,7/30/2020,Female,384 Sunfield Junction,1.47.119.129
Alair,,amaclaigm3@narod.ru,10/31/2020,Female,,240.207.204.112
,Booij,dbooijm4@jugem.jp,11/16/2020,Agender,2905 Spaight Circle,8.4.202.215
Zsazsa,Sidlow,zsidlowm5@stanford.edu,11/24/2020,Non-binary,604 Surrey Court,128.129.122.71
Ashla,Best,abestm6@dyndns.org,11/23/2020,Polygender,,196.130.12.140
Cobby,Tassell,,12/25/2020,Male,08 Arrowood Plaza,134.133.19.168
Stephenie,Kamall,skamallm8@infoseek.co.jp,2/4/2020,Non-binary,609 Merchant Point,179.208.199.43
Lucilia,Gylle,lgyllem9@myspace.com,7/6/2020,Genderfluid,6173 Messerschmidt Lane,49.138.59.119
Augustin,Elman,aelmanma@answers.com,6/16/2020,,,128.172.242.4
Claude,Mance,cmancemb@marketwatch.com,7/20/2020,Polygender,494 Raven Circle,61.149.3.249
Mill,Bernard,mbernardmc@addthis.com,4/28/2020,Male,,87.34.70.147
Emmie,Brookbank,ebrookbankmd@google.com.br,4/1/2020,Female,99 Dahle Road,58.37.250.74
Humfrey,Steljes,,12/14/2020,Male,,123.51.168.95
Ingemar,Quilter,,8/4/2020,Male,5 Melvin Street,223.48.14.183
Arabela,Gibling,agiblingmg@stumbleupon.com,10/4/2020,Polygender,1620 Nova Way,164.206.208.149
Danyelle,Battrick,dbattrickmh@japanpost.jp,1/30/2020,Polygender,40152 Loomis Road,53.140.105.54
Britte,Dwerryhouse,bdwerryhousemi@xinhuanet.com,6/28/2020,,9870 Hollow Ridge Lane,240.36.255.108
Kial,Lutwidge,,7/10/2020,Male,,158.158.46.47
Eileen,Keniwell,ekeniwellmk@bbb.org,8/9/2020,Polygender,,112.163.175.170
Lindsay,,lkellandml@networksolutions.com,1/17/2021,,16961 Debs Plaza,130.204.199.176
,,epirotmm@mashable.com,9/24/2020,Bigender,7 Bunting Trail,207.60.103.66
,Kennelly,ekennellymn@timesonline.co.uk,6/16/2020,Female,16652 Park Meadow Pass,113.92.125.4
Fidole,,,1/24/2021,Genderqueer,79 Waubesa Street,237.158.65.98
Arnold,Kagan,akaganmp@ameblo.jp,2/19/2020,,047 Bowman Crossing,55.111.175.34
Flori,Bente,fbentemq@google.it,3/2/2020,Male,,126.46.168.52
Erinn,Couth,ecouthmr@theguardian.com,3/8/2020,Polygender,01369 Dovetail Place,123.195.140.123
Lorry,Wylder,,3/31/2020,Polygender,5665 Arizona Road,134.30.7.14
Charis,Sarson,,3/7/2020,Genderqueer,51 Prairie Rose Parkway,237.36.142.166
Billy,Nisby,bnisbymu@google.co.uk,6/2/2020,Non-binary,080 Hallows Alley,62.33.224.175
Cecilio,Bernade,cbernademv@paypal.com,6/27/2020,Female,,21.101.151.208
Yuma,Hargerie,yhargeriemw@yelp.com,5/17/2020,Genderfluid,,54.206.115.223
Isa,Josefer,ijosefermx@shutterfly.com,11/23/2020,Bigender,9 Elgar Hill,30.92.214.97
Freda,Le Guin,fleguinmy@fc2.com,7/27/2020,Polygender,11 Sutteridge Circle,243.49.208.222
Hayyim,Cooper,,1/9/2021,Female,142 Homewood Street,148.47.118.239
Jazmin,Klyner,jklynern0@newyorker.com,7/21/2020,Non-binary,9072 Paget Hill,65.30.163.103
Price,Kobu,pkobun1@4shared.com,4/13/2020,Genderfluid,4966 Canary Park,132.7.81.93
Durant,McKevitt,dmckevittn2@dion.ne.jp,4/13/2020,Genderfluid,372 East Junction,2.170.55.185
Monah,Yarnley,myarnleyn3@ucoz.com,2/4/2020,Agender,2978 Arkansas Way,147.237.11.136
Travus,Dripp,tdrippn4@tripadvisor.com,,Female,6 Atwood Road,115.29.65.63
Alberta,,,6/10/2020,Female,9326 Schiller Trail,128.215.175.98
Vilma,Brodway,,9/6/2020,,89666 Garrison Lane,186.248.246.22
Maribelle,Bowley,mbowleyn7@ycombinator.com,11/17/2020,Female,1 Badeau Hill,144.243.64.206
Rochella,Bryson,rbrysonn8@moonfruit.com,6/27/2020,Non-binary,00523 Cardinal Street,201.169.194.58
,Quarton,lquartonn9@mapquest.com,5/3/2020,Agender,1009 Drewry Park,36.195.41.54
Rosalia,Leathers,rleathersna@woothemes.com,7/4/2020,Polygender,,201.114.46.232
Gardiner,Fairchild,,3/29/2020,Genderfluid,91 Valley Edge Park,93.225.204.196
Opaline,Sheering,osheeringnc@pbs.org,12/2/2020,Male,,227.32.99.181
Leonhard,,,9/25/2020,Genderqueer,33815 Hauk Terrace,163.255.240.140
Cindee,Kinneally,ckinneallyne@hc360.com,8/4/2020,Genderqueer,259 Drewry Junction,36.209.213.183
Arlyne,,abeeresnf@goodreads.com,2/21/2020,Agender,6259 Judy Place,207.61.31.4
Marylynne,Fernihough,mfernihoughng@mac.com,7/5/2020,,26 Myrtle Road,198.130.24.11
Leanor,Woffinden,,8/6/2020,Male,48 Mitchell Drive,142.76.128.69
Kaile,Yellop,kyellopni@creativecommons.org,,Genderqueer,0 Declaration Lane,213.209.216.168
Melodee,Baly,,3/20/2020,Genderqueer,3508 Alpine Park,149.170.81.218
Mic,Pitchford,mpitchfordnk@google.ru,3/20/2020,Female,3298 1st Hill,131.138.139.89
Mirna,Folini,mfolininl@scribd.com,6/1/2020,Bigender,55725 Ridge Oak Street,126.95.169.214
Rosco,Tutsell,rtutsellnm@studiopress.com,6/14/2020,Genderfluid,127 Anniversary Court,180.83.241.131
Loydie,Aingell,laingellnn@netscape.com,2/7/2020,Genderfluid,20471 Knutson Drive,57.115.203.40
Valentine,,vropkesno@simplemachines.org,9/1/2020,Bigender,32 Rowland Circle,195.51.123.223
Jud,Guirard,jguirardnp@squarespace.com,9/9/2020,Male,10 Quincy Place,210.125.170.180
Omar,Surgeoner,osurgeonernq@godaddy.com,3/31/2020,Genderfluid,81826 Elgar Center,111.127.75.102
Larina,Piscot,lpiscotnr@newsvine.com,10/19/2020,Non-binary,02540 Delaware Terrace,237.246.188.138
Bernard,Gepp,bgeppns@fc2.com,4/23/2020,Female,731 5th Street,52.217.192.56
Krystle,Iacobucci,,5/29/2020,Genderfluid,35 Manitowish Junction,64.0.183.11
Angela,Leathart,,9/27/2020,Bigender,374 Merrick Terrace,148.212.151.195
Milt,Conrart,mconrartnv@stumbleupon.com,6/26/2020,Bigender,7328 Oak Trail,187.0.131.10
Joyann,Belchambers,jbelchambersnw@disqus.com,2/12/2020,Non-binary,,230.133.54.227
Auguste,McLaren,amclarennx@webmd.com,11/5/2020,Female,09 Macpherson Avenue,89.45.19.155
,,hvanyakinny@reverbnation.com,9/8/2020,Bigender,4357 Lawn Terrace,126.184.175.157
,Prest,mprestnz@goo.ne.jp,12/15/2020,Genderqueer,63 Sachtjen Court,213.49.109.13
Godfree,Willson,gwillsono0@com.com,4/15/2020,Genderfluid,707 Luster Alley,50.205.94.88
Darci,Cormack,dcormacko1@squarespace.com,4/14/2020,Female,18784 Tony Way,245.72.119.171
Sydel,Gosz,sgoszo2@dailymotion.com,11/29/2020,Male,678 Crescent Oaks Circle,237.178.33.110
Deane,Mokes,dmokeso3@google.cn,3/12/2020,Genderqueer,971 Rieder Parkway,79.124.56.203
Emlyn,,ebougheyo4@devhub.com,2/28/2020,Non-binary,8 Messerschmidt Hill,171.176.81.36
Shoshana,,sjobbingso5@addtoany.com,2/10/2020,Bigender,77425 Pierstorff Street,193.18.75.243
Padriac,Sexon,,,Genderqueer,242 Clemons Street,210.32.218.175
Kellen,Axelbee,kaxelbeeo7@cnbc.com,1/15/2021,Female,97 Kingsford Hill,139.214.124.208
Fritz,Nudd,fnuddo8@posterous.com,8/19/2020,Genderqueer,4 Tennessee Alley,41.74.144.53
Terrell,Apfel,tapfelo9@amazon.co.jp,11/13/2020,Agender,9 Maryland Park,223.85.128.112
Amara,Bartoletti,abartolettioa@free.fr,1/5/2021,Bigender,65272 Anzinger Drive,44.4.81.203
,Reggio,rreggioob@shutterfly.com,4/23/2020,Bigender,69 Grayhawk Point,243.183.149.177
Jdavie,Edridge,,4/17/2020,Bigender,,233.29.28.59
Liam,Janacek,ljanacekod@ameblo.jp,11/16/2020,,,234.233.175.33
Maridel,Laphorn,mlaphornoe@goo.ne.jp,3/17/2020,Bigender,,189.147.29.122
Erena,Lorenzo,elorenzoof@shutterfly.com,4/20/2020,Male,996 Brown Junction,110.20.194.37
Rhodia,Chable,rchableog@addtoany.com,7/3/2020,Female,,71.175.177.179
Nerti,Parnby,nparnbyoh@squarespace.com,8/15/2020,Agender,,226.65.15.56
Sherman,Cockshtt,scockshttoi@craigslist.org,1/30/2020,Male,,57.180.44.232
Nike,Klimontovich,nklimontovichoj@dedecms.com,4/6/2020,Genderfluid,92 Katie Plaza,76.156.193.238
Rianon,Heatly,rheatlyok@goo.ne.jp,9/2/2020,Polygender,37898 Old Gate Circle,43.112.24.235
Raven,Ponton,rpontonol@sun.com,,Bigender,32415 Hollow Ridge Circle,110.113.113.108
Allie,Francillo,afrancilloom@vk.com,12/15/2020,,,229.161.204.105
Aigneis,Doogue,adoogueon@tmall.com,7/11/2020,Polygender,1 Schiller Drive,125.60.90.139
Binky,Burchell,bburchelloo@ning.com,,Male,,94.214.95.230
Ceciley,Coate,ccoateop@miibeian.gov.cn,1/5/2021,Male,253 Dunning Park,10.105.11.102
Dominga,Sclater,dsclateroq@goo.gl,11/16/2020,Polygender,657 Cardinal Drive,86.45.186.255
Vinni,Knowlman,vknowlmanor@vistaprint.com,1/23/2021,Genderqueer,,220.57.253.125
Holden,Hughs,hhughsos@blog.com,9/26/2020,Agender,333 Havey Pass,234.126.200.182
Mignonne,Cosgrive,mcosgriveot@yandex.ru,10/16/2020,,18 Cambridge Way,80.98.74.155
Doyle,,dladbrookou@wsj.com,11/27/2020,Bigender,7357 Village Green Point,52.142.12.235
Blair,,,9/28/2020,Male,93 Clove Center,206.247.190.51
Emmerich,O'Heagertie,eoheagertieow@woothemes.com,11/1/2020,Agender,50635 Hauk Park,246.74.152.13
Bartie,Guiel,bguielox@123-reg.co.uk,,Agender,947 Carey Parkway,95.203.169.86
Ania,Minnis,aminnisoy@plala.or.jp,10/23/2020,Male,,91.16.92.95
Cornell,Congreave,ccongreaveoz@illinois.edu,10/18/2020,Male,,112.17.173.30
Thomas,Jedrzejewski,tjedrzejewskip0@cnn.com,9/5/2020,Genderqueer,44073 Scott Way,161.8.144.230
Brent,Mullord,bmullordp1@dropbox.com,8/2/2020,Bigender,100 Gale Terrace,48.15.117.199
Eal,Bagby,,1/21/2021,,95 Monument Avenue,104.31.155.160
Karney,Durrance,kdurrancep3@friendfeed.com,3/13/2020,Genderqueer,9 Namekagon Pass,213.100.177.237
Antons,Deegin,adeeginp4@foxnews.com,12/16/2020,Bigender,4 Magdeline Plaza,13.61.143.115
Westleigh,Deely,wdeelyp5@irs.gov,6/6/2020,Genderfluid,74 Weeping Birch Road,207.106.239.188
Nils,Babbage,nbabbagep6@ifeng.com,7/4/2020,Bigender,27 Goodland Drive,80.223.135.61
Bibi,Garbar,bgarbarp7@howstuffworks.com,9/22/2020,Female,8 Bellgrove Road,209.237.24.108
Dierdre,Rosenfelt,drosenfeltp8@instagram.com,4/3/2020,Genderfluid,86820 Springs Parkway,243.252.184.142
Cleavland,,cbaggallyp9@spiegel.de,10/13/2020,Genderqueer,,155.140.64.79
Maisey,Vitet,mvitetpa@lulu.com,,Female,,1.180.208.17
Emilio,,emulcasterpb@webnode.com,8/22/2020,Bigender,16654 Manitowish Junction,58.165.42.211
Caressa,Camous,ccamouspc@zimbio.com,1/23/2021,Genderfluid,,231.48.92.202
Giacopo,,glaurencepd@studiopress.com,3/17/2020,Female,7 Stephen Place,197.236.194.124
Yasmeen,Wandrich,,1/19/2021,Genderfluid,,213.32.36.119
Kaja,Leisk,kleiskpf@unicef.org,2/13/2020,Agender,23761 Shelley Avenue,124.245.121.199
Genvieve,Allcock,gallcockpg@mediafire.com,5/22/2020,Genderfluid,41 Carey Park,212.146.31.88
Shayne,Goldthorpe,sgoldthorpeph@seesaa.net,3/31/2020,Bigender,5589 Goodland Center,194.3.53.78
Jannelle,Trumble,jtrumblepi@ifeng.com,9/22/2020,Bigender,8 Moose Trail,67.158.172.243
Binny,Hasel,,2/20/2020,Bigender,395 Straubel Pass,52.175.206.104
Alta,,asarrapk@arstechnica.com,12/7/2020,Bigender,22 Hanover Street,32.133.206.117
Maurizio,Coldbathe,mcoldbathepl@ustream.tv,9/18/2020,Agender,996 Bonner Lane,180.67.34.15
Clark,Flips,,12/15/2020,,,172.169.253.35
Jacquelyn,Guerrero,jguerreropn@nps.gov,9/29/2020,,,128.79.134.173
Maxwell,Triplow,mtriplowpo@time.com,10/25/2020,Agender,388 Tennyson Terrace,143.155.210.123
Biron,Pywell,bpywellpp@si.edu,7/27/2020,Male,1 Eastlawn Center,155.230.59.194
Aretha,Finders,afinderspq@angelfire.com,3/20/2020,Non-binary,43405 Pennsylvania Place,124.96.126.210
Leoine,Jordison,,9/29/2020,Male,9148 Pankratz Lane,160.221.215.71
Alidia,Liffey,aliffeyps@multiply.com,2/22/2020,Genderfluid,,168.151.254.206
Clo,Gaudon,cgaudonpt@dedecms.com,11/7/2020,Agender,932 Crest Line Avenue,109.29.46.230
Dreddy,Gross,dgrosspu@guardian.co.uk,11/7/2020,Polygender,3 Heath Park,157.203.109.34
Perle,Alps,palpspv@bing.com,12/16/2020,Genderqueer,4999 Graedel Court,43.249.217.162
Delmer,Berk,dberkpw@businesswire.com,3/20/2020,Non-binary,802 Hovde Point,23.23.17.189
Annalee,Pozzi,apozzipx@guardian.co.uk,6/20/2020,Non-binary,5388 Quincy Terrace,98.0.12.94
Rosemaria,Flemming,rflemmingpy@oakley.com,6/18/2020,Genderqueer,396 Caliangt Terrace,234.201.251.217
Rosamond,Dhennin,rdhenninpz@washingtonpost.com,4/20/2020,Genderfluid,3 Talmadge Lane,121.98.143.97
Eldridge,Hedan,ehedanq0@senate.gov,4/27/2020,Polygender,614 Prairie Rose Way,123.141.17.253
Ardene,Groarty,agroartyq1@ibm.com,9/6/2020,Bigender,77791 Talisman Park,79.251.204.152
Jacob,Hastwell,jhastwellq2@goodreads.com,11/21/2020,Non-binary,1 Lerdahl Place,10.153.161.164
Fernande,,,2/13/2020,Female,77640 Judy Center,74.53.218.37
Randa,,rallwoodq4@youtu.be,7/16/2020,Genderfluid,0314 Marquette Drive,108.158.186.142
Stillmann,Braganza,sbraganzaq5@pbs.org,9/3/2020,Genderfluid,9 Coleman Avenue,141.72.166.171
Kathye,Algy,kalgyq6@globo.com,4/15/2020,Bigender,5396 Corry Pass,205.42.237.224
Miran,Tuffrey,mtuffreyq7@vistaprint.com,10/21/2020,Non-binary,,230.229.189.7
Florence,Yuryshev,fyuryshevq8@ustream.tv,4/1/2020,Non-binary,,55.116.180.102
Ulysses,McBrady,umcbradyq9@slideshare.net,1/24/2021,Male,,164.107.17.62
Felecia,McCaughan,fmccaughanqa@webmd.com,4/25/2020,Genderqueer,54 Northridge Lane,7.236.248.79
Hagen,,hwillcockqb@kickstarter.com,8/1/2020,Genderfluid,942 Dryden Crossing,40.218.79.32
Stevy,Simcoe,ssimcoeqc@japanpost.jp,10/14/2020,Non-binary,34 Carpenter Court,44.113.85.83
Dane,Bwy,dbwyqd@disqus.com,9/20/2020,,33 Katie Hill,170.187.81.44
Daile,Bromilow,dbromilowqe@gov.uk,4/11/2020,Agender,58 Randy Circle,157.14.239.56
Tony,Canland,tcanlandqf@geocities.com,9/27/2020,Non-binary,1826 Hintze Street,255.230.201.165
Corrianne,Lewsley,clewsleyqg@cbc.ca,1/29/2020,Genderqueer,211 Lien Trail,56.170.79.164
Oswell,MacKeller,omackellerqh@ocn.ne.jp,7/16/2020,Female,58856 Northport Parkway,194.14.254.80
Delmer,Newcomb,dnewcombqi@house.gov,4/16/2020,Agender,812 Upham Hill,221.241.60.194
Bailey,Clendening,bclendeningqj@miitbeian.gov.cn,11/11/2020,Genderfluid,,190.14.238.87
Korrie,,kvidaqk@msu.edu,5/25/2020,Non-binary,4 Maryland Alley,80.195.215.231
Shanda,Wales,swalesql@latimes.com,9/27/2020,Male,8 North Plaza,138.178.200.164
Cornall,Killerby,ckillerbyqm@sfgate.com,11/30/2020,Bigender,784 Red Cloud Pass,151.205.195.58
Chrystel,,cpilburyqn@cam.ac.uk,9/6/2020,Non-binary,82 Merrick Alley,23.216.27.94
Lion,McCutcheon,lmccutcheonqo@hostgator.com,5/15/2020,Female,,199.37.219.187
Carolus,Shavel,cshavelqp@hibu.com,9/29/2020,Genderqueer,81 Sunnyside Street,223.210.137.183
Selina,Sallter,ssallterqq@mozilla.com,2/20/2020,Genderfluid,1324 Manufacturers Point,145.37.30.82
Tabbie,Povah,tpovahqr@gmpg.org,,Non-binary,46668 International Terrace,131.53.26.151
Hurley,,hserridgeqs@sourceforge.net,11/15/2020,Genderfluid,,191.11.233.168
Susie,Playdon,,11/7/2020,Bigender,18633 Ilene Crossing,105.12.170.190
Kinny,Giraudel,kgiraudelqu@va.gov,7/10/2020,Male,1725 Linden Parkway,250.9.24.219
Gloria,Aitcheson,gaitchesonqv@comsenz.com,7/4/2020,Agender,70688 Bashford Crossing,34.162.93.195
Holly,Harback,hharbackqw@sogou.com,6/7/2020,Polygender,53 Fulton Crossing,200.143.43.124
Briano,Di Franceshci,bdifranceshciqx@ocn.ne.jp,12/8/2020,,837 Springs Court,61.118.115.69
Reta,,rkellyqy@wikimedia.org,5/27/2020,,248 Muir Pass,252.199.23.26
Granthem,Hustler,ghustlerqz@wikimedia.org,5/23/2020,Male,81 International Alley,110.158.248.122
Loralie,,losininr0@github.io,6/22/2020,Genderqueer,643 Shasta Parkway,179.147.158.148
Malina,,mmionr1@163.com,12/24/2020,Genderfluid,833 Roth Place,248.49.173.59
Stefano,Sheekey,ssheekeyr2@paypal.com,2/24/2020,Genderfluid,543 David Avenue,177.115.227.186
Gradeigh,Lelliott,,6/21/2020,Genderfluid,,121.156.51.96
Francene,Badman,fbadmanr4@blogtalkradio.com,12/5/2020,Bigender,4920 Hayes Trail,211.151.13.0
Nathaniel,Corneljes,ncorneljesr5@fotki.com,11/19/2020,Genderqueer,,115.175.103.90
Kendricks,Langrish,klangrishr6@thetimes.co.uk,9/18/2020,Female,700 Bartillon Terrace,117.74.87.88
Prudy,Dri,pdrir7@yellowpages.com,12/21/2020,Genderqueer,,14.232.80.82
Wylma,O'Gready,wogreadyr8@free.fr,10/9/2020,,362 Haas Lane,161.215.153.68
Teodoro,Ridwood,,6/26/2020,Female,2 Anzinger Circle,47.5.144.158
Pearle,Venable,pvenablera@scribd.com,6/3/2020,Female,9 Lien Road,154.252.169.206
Osbert,Bates,obatesrb@google.it,12/16/2020,Bigender,08234 Carpenter Place,237.87.49.139
Kirstin,Sedcole,ksedcolerc@tiny.cc,1/15/2021,Genderqueer,,50.126.1.76
Lanni,Bousler,lbouslerrd@state.gov,3/1/2020,Genderfluid,,224.169.95.114
Kennan,Savatier,ksavatierre@newyorker.com,2/6/2020,,,145.11.98.99
Avrit,Peacocke,,3/25/2020,Agender,8583 Old Shore Plaza,69.174.224.3
Jonah,Gillespie,jgillespierg@europa.eu,6/6/2020,Genderfluid,96427 Garrison Way,167.226.173.31
Shana,MacPhee,smacpheerh@vimeo.com,8/9/2020,Genderfluid,783 6th Way,218.117.30.202
Archy,,afrantzenri@opensource.org,10/24/2020,Agender,83191 Arrowood Road,94.113.90.177
Vale,Brixham,,9/11/2020,Bigender,4 Michigan Terrace,228.92.214.158
Truman,,theimesrk@xinhuanet.com,5/1/2020,Male,97760 Lien Crossing,132.9.212.148
Arleyne,Relph,arelphrl@msn.com,2/29/2020,Agender,120 Laurel Drive,149.132.247.11
Karole,Tapsell,ktapsellrm@fastcompany.com,7/13/2020,Polygender,2 Clove Parkway,127.29.184.139
Verile,Fitzmaurice,vfitzmauricern@amazon.co.jp,3/14/2020,Female,644 Haas Lane,69.242.142.121
,Wanklyn,cwanklynro@nsw.gov.au,5/23/2020,,376 2nd Junction,165.67.28.90
Trudie,Casarini,tcasarinirp@google.pl,6/26/2020,Genderfluid,761 Haas Point,209.240.18.131
Jard,McEneny,jmcenenyrq@liveinternet.ru,12/5/2020,,,135.55.39.13
Morley,Myton,mmytonrr@webnode.com,6/12/2020,Male,380 Stang Alley,198.147.101.65
