first_name,last_name,email,date_time,gender,street_address,ip_address
Carena,Steward,csteward0@ezinearticles.com,9/9/2020,Non-binary,0 Valley Edge Court,173.140.197.59
Maxy,Rantoull,mrantoull1@photobucket.com,12/3/2020,Male,82261 Merry Pass,37.86.201.209
Yehudi,Lutty,ylutty2@ed.gov,9/21/2020,Genderfluid,131 Hauk Junction,124.120.236.88
Elston,Verner,everner3@unblog.fr,5/25/2020,Bigender,783 Dennis Hill,168.61.123.221
Marley,Landsbury,mlandsbury4@mayoclinic.com,8/27/2020,Bigender,030 Badeau Plaza,167.56.170.188
Silva,Merriday,smerriday5@goo.ne.jp,12/18/2020,Genderqueer,4140 Manley Plaza,108.145.255.157
Bibbye,Gourlie,bgourlie6@shop-pro.jp,9/17/2020,Female,57 Superior Avenue,194.207.192.178
Hamish,Jorez,hjorez7@columbia.edu,7/17/2020,Agender,94187 Anthes Point,33.51.130.110
Jenny,Aspenlon,jaspenlon8@bloglovin.com,10/5/2020,Genderqueer,2288 Huxley Trail,187.163.200.6
Doro,Bisley,dbisley9@opera.com,4/2/2020,Female,27 Magdeline Alley,252.142.139.28
Guinna,Waber,gwabera@multiply.com,12/15/2020,Bigender,2 Oakridge Crossing,0.168.102.106
Eldredge,Doale,edoaleb@jimdo.com,1/20/2021,Polygender,08486 Gina Court,45.178.178.31
Karrah,Nassau,knassauc@i2i.jp,5/24/2020,Female,27331 Holmberg Point,206.242.92.134
Audrie,Burel,abureld@angelfire.com,6/26/2020,Bigender,8 South Alley,70.132.142.127
Michal,Hulland,mhullande@woothemes.com,12/9/2020,Agender,39567 Warbler Place,74.210.246.96
Elsinore,Wedon,ewedonf@admin.ch,4/22/2020,Non-binary,15 Portage Point,174.116.187.232
Maurine,Kytley,mkytleyg@psu.edu,9/18/2020,Bigender,175 Riverside Pass,21.254.179.82
Quinton,Stirley,qstirleyh@stanford.edu,11/4/2020,Genderqueer,44 Claremont Drive,203.191.1.133
Romola,Eynon,reynoni@bluehost.com,3/28/2020,Genderqueer,0667 Lyons Center,202.101.77.223
Karie,Sporton,ksportonj@blogspot.com,5/29/2020,Genderqueer,2283 Kim Court,204.138.74.21
Berk,Grindall,bgrindallk@stanford.edu,12/10/2020,Male,4233 Calypso Lane,113.209.126.167
Codie,Tettersell,ctetterselll@xrea.com,3/16/2020,Genderfluid,23 Lillian Parkway,253.64.160.149
Guy,Hendrickx,ghendrickxm@reference.com,7/12/2020,Genderqueer,25 Bonner Plaza,125.218.51.183
Tyrus,Willan,twillann@webeden.co.uk,12/2/2020,Male,3806 2nd Center,222.12.198.61
Asher,Lavall,alavallo@google.pl,1/7/2021,Male,39924 Emmet Plaza,247.203.212.40
Gerek,Tebbet,gtebbetp@independent.co.uk,6/6/2020,Polygender,5876 Loeprich Alley,170.138.157.190
Marlena,Treffry,mtreffryq@pinterest.com,11/24/2020,Male,894 Farmco Hill,104.81.190.68
Anselm,Loveday,alovedayr@yelp.com,2/6/2020,Genderfluid,83130 Anhalt Court,20.159.172.235
Mikaela,Avrahamov,mavrahamovs@topsy.com,1/17/2021,Genderqueer,669 Charing Cross Point,206.234.55.96
Gabi,Partener,gpartenert@ycombinator.com,6/1/2020,Agender,14 Homewood Place,129.102.166.33
Caldwell,Scobie,cscobieu@so-net.ne.jp,10/30/2020,Non-binary,68505 Cardinal Street,236.74.144.148
Eddi,Springle,espringlev@oaic.gov.au,1/5/2021,Genderqueer,838 Marcy Drive,45.48.57.99
Jerrilee,Muschette,jmuschettew@bloglines.com,5/5/2020,Bigender,4888 Rieder Drive,248.252.105.110
Augustine,Smeaton,asmeatonx@ovh.net,3/4/2020,Male,96 Ramsey Crossing,157.138.65.90
Selinda,Blomfield,sblomfieldy@people.com.cn,11/22/2020,Polygender,78 Scott Plaza,92.126.110.24
Bernarr,Ulrik,bulrikz@nasa.gov,10/16/2020,Bigender,7 Lindbergh Way,181.210.56.152
Gertrud,Asgodby,gasgodby10@ihg.com,4/28/2020,Agender,855 Meadow Ridge Plaza,141.167.229.79
Romeo,McCaghan,rmccaghan11@archive.org,10/31/2020,Genderqueer,37 Birchwood Trail,251.233.47.75
Burk,Finnan,bfinnan12@loc.gov,6/23/2020,Polygender,04884 Lillian Hill,231.127.181.140
Heidie,Waycott,hwaycott13@unc.edu,10/19/2020,Genderfluid,3238 John Wall Road,80.45.67.206
Valerye,Girodias,vgirodias14@goodreads.com,5/19/2020,Bigender,80 Autumn Leaf Pass,130.249.51.108
Foster,Polon,fpolon15@g.co,6/9/2020,Genderqueer,78 Morning Street,74.109.13.126
Nikola,Balentyne,nbalentyne16@hugedomains.com,1/18/2021,Female,497 Sugar Parkway,104.102.167.64
Renado,Lindegard,rlindegard17@goo.ne.jp,4/24/2020,Genderqueer,53001 Mallory Road,133.68.41.174
Townie,Wix,twix18@theguardian.com,11/11/2020,Agender,4 Eastlawn Parkway,125.194.166.215
Malorie,Crews,mcrews19@ucoz.com,7/27/2020,Non-binary,9897 Goodland Park,17.163.16.32
Win,Ordidge,wordidge1a@spotify.com,3/23/2020,Genderqueer,4 Montana Point,235.247.210.84
Margot,Leon,mleon1b@techcrunch.com,1/11/2021,Polygender,0 Forest Dale Terrace,100.53.139.209
Dani,Crotty,dcrotty1c@discovery.com,12/16/2020,Female,78 Thackeray Lane,42.146.103.213
Eleanora,Campo,ecampo1d@live.com,11/4/2020,Genderqueer,1 Old Shore Hill,118.204.92.53
Valencia,Sotheron,vsotheron1e@drupal.org,11/2/2020,Female,732 Logan Place,237.243.160.51
Arly,Cheater,acheater1f@house.gov,9/7/2020,Polygender,76 Morning Court,99.254.74.161
Ivy,Craine,icraine1g@sohu.com,1/29/2020,Agender,1950 Fisk Alley,88.15.125.189
Phaidra,Egleton,pegleton1h@youtu.be,4/25/2020,Genderqueer,763 Wayridge Parkway,161.222.6.76
Tomasina,Zywicki,tzywicki1i@noaa.gov,5/21/2020,Agender,6 Cardinal Lane,33.156.135.39
Nicholle,McKall,nmckall1j@networkadvertising.org,3/4/2020,Male,71308 Dahle Pass,24.34.149.221
Nicko,Ciobotaru,nciobotaru1k@sogou.com,10/14/2020,Bigender,455 Blackbird Parkway,241.105.133.164
Julius,Jado,jjado1l@narod.ru,6/22/2020,Genderfluid,4543 Dryden Drive,143.186.224.192
Wynny,Draxford,wdraxford1m@ucoz.com,6/15/2020,Bigender,07065 Eliot Plaza,89.188.112.150
Launce,Linfoot,llinfoot1n@yahoo.com,3/27/2020,Non-binary,14163 Kim Place,86.76.223.187
Linnet,Cardwell,lcardwell1o@reverbnation.com,8/21/2020,Polygender,22 Basil Parkway,88.69.81.106
Vasili,Le Count,vlecount1p@chicagotribune.com,7/3/2020,Genderqueer,92 Pleasure Center,233.21.201.7
Linn,Frosch,lfrosch1q@spotify.com,11/10/2020,Genderfluid,6878 Mendota Crossing,84.10.115.119
Erhard,Hinrichsen,ehinrichsen1r@youtube.com,3/2/2020,Genderqueer,1440 Browning Lane,230.240.232.49
Leoline,Windrus,lwindrus1s@unc.edu,12/27/2020,Agender,6 Pine View Plaza,87.141.182.168
Reed,McCrorie,rmccrorie1t@ask.com,7/9/2020,Bigender,06 Petterle Place,160.130.104.206
Jayne,Segar,jsegar1u@csmonitor.com,10/10/2020,Female,55359 Almo Crossing,254.96.6.249
Rachel,Brackenridge,rbrackenridge1v@google.com.hk,5/11/2020,Polygender,2808 Badeau Avenue,94.39.8.44
Charley,Waiting,cwaiting1w@paginegialle.it,3/24/2020,Genderfluid,03 Harbort Point,55.2.35.71
Viva,Claringbold,vclaringbold1x@netvibes.com,1/11/2021,Genderfluid,10 Prairieview Road,117.152.72.217
Swen,Bassam,sbassam1y@wiley.com,1/16/2021,Male,6 Wayridge Avenue,50.26.180.6
Wood,McSpirron,wmcspirron1z@netlog.com,1/5/2021,Non-binary,2 Arizona Place,78.127.177.110
Leann,Heard,lheard20@accuweather.com,9/15/2020,Genderqueer,42 Westport Junction,38.90.71.103
Crystal,Lentsch,clentsch21@pcworld.com,3/1/2020,Genderqueer,20994 Sunbrook Way,79.162.159.22
Feodor,Grint,fgrint22@xinhuanet.com,2/6/2020,Genderfluid,8280 Sommers Circle,35.61.213.67
Colleen,Temporal,ctemporal23@google.ca,11/20/2020,Genderqueer,1 Westridge Crossing,31.150.118.65
Ive,Buyers,ibuyers24@vimeo.com,6/29/2020,Male,123 Eastlawn Lane,27.242.248.180
Sherlock,Sarvar,ssarvar25@go.com,4/3/2020,Polygender,7041 Oriole Point,74.41.219.160
Sileas,Breitling,sbreitling26@loc.gov,1/30/2020,Male,6007 Fremont Crossing,97.8.70.192
Eustace,Shipperbottom,eshipperbottom27@samsung.com,10/9/2020,Agender,7483 Oneill Junction,167.17.20.104
Essa,McCaighey,emccaighey28@vinaora.com,5/11/2020,Polygender,55 Forest Way,18.83.134.155
Cher,Moatt,cmoatt29@flavors.me,8/10/2020,Genderfluid,76040 Grasskamp Avenue,19.141.133.52
Luigi,Thomasen,lthomasen2a@nydailynews.com,5/9/2020,Polygender,55 Merrick Plaza,97.247.136.12
Franny,Penhallurick,fpenhallurick2b@patch.com,12/12/2020,Polygender,91 Meadow Ridge Road,155.114.74.105
Gregor,Petigrew,gpetigrew2c@purevolume.com,2/3/2020,Genderfluid,83 Coleman Plaza,23.195.101.73
Dunn,Ryott,dryott2d@adobe.com,1/7/2021,Agender,74427 Thompson Center,119.168.164.41
Randolph,Ferrillio,rferrillio2e@imdb.com,6/27/2020,Male,9 Knutson Street,49.39.221.143
Edith,Greenham,egreenham2f@so-net.ne.jp,8/10/2020,Genderqueer,22977 Arapahoe Crossing,109.208.125.4
Gregory,Giriardelli,ggiriardelli2g@soup.io,12/28/2020,Agender,3 Evergreen Hill,133.130.231.208
Amby,Jaynes,ajaynes2h@instagram.com,7/24/2020,Agender,3 Westridge Court,108.44.138.12
Vittoria,Yole,vyole2i@vimeo.com,4/4/2020,Genderqueer,80 Artisan Circle,120.173.201.94
Tania,Shawley,tshawley2j@wikispaces.com,5/15/2020,Female,8890 Hudson Drive,31.91.68.243
Muhammad,Slyne,mslyne2k@businessinsider.com,9/18/2020,Agender,4 Comanche Drive,240.211.44.3
Grace,Gerauld,ggerauld2l@netlog.com,1/13/2021,Agender,3292 Washington Avenue,3.154.91.97
Madge,Tomasini,mtomasini2m@forbes.com,2/18/2020,Polygender,35457 Prairieview Court,7.58.226.126
Phoebe,Luthwood,pluthwood2n@wufoo.com,3/20/2020,Male,100 Browning Park,68.184.75.77
Melicent,Goffe,mgoffe2o@canalblog.com,1/16/2021,Non-binary,78242 Bellgrove Place,31.124.197.154
Karrah,Wissby,kwissby2p@php.net,11/19/2020,Agender,4 Iowa Alley,71.42.164.100
Avie,Burkinshaw,aburkinshaw2q@nationalgeographic.com,11/24/2020,Agender,192 Old Gate Center,244.91.55.255
Becka,Poff,bpoff2r@tripod.com,7/30/2020,Polygender,81 Holy Cross Alley,94.56.197.181
Laura,Thomas,lthomas2s@1688.com,1/11/2021,Agender,00 Union Street,125.126.161.36
Jordain,Suddards,jsuddards2t@springer.com,5/4/2020,Non-binary,0 Marcy Park,77.50.7.76
Moises,Petrasch,mpetrasch2u@baidu.com,3/13/2020,Bigender,9 Green Ridge Place,2.179.150.213
Egbert,Filippi,efilippi2v@goo.gl,7/13/2020,Male,2831 Dryden Park,156.86.58.136
Hurlee,Vassano,hvassano2w@state.tx.us,7/5/2020,Genderqueer,0 Kennedy Street,144.178.234.58
Johnathon,Iacobucci,jiacobucci2x@cdc.gov,11/30/2020,Polygender,86 Bartelt Street,217.107.196.132
Abby,Nash,anash2y@psu.edu,1/12/2021,Genderfluid,2362 Prairieview Road,74.33.53.144
Merola,Lambourn,mlambourn2z@yellowbook.com,12/28/2020,Agender,1 Burning Wood Pass,54.87.24.228
Lockwood,Scowcraft,lscowcraft30@wikimedia.org,7/4/2020,Polygender,48 Westridge Park,253.82.26.70
Orel,Comiskey,ocomiskey31@odnoklassniki.ru,3/18/2020,Bigender,1 Springview Pass,246.33.15.85
Alec,Arunowicz,aarunowicz32@cmu.edu,10/11/2020,Female,661 Corry Drive,135.143.207.0
Moe,Maevela,mmaevela33@ameblo.jp,5/17/2020,Polygender,7069 Maple Drive,34.35.139.120
Antonina,Marchiso,amarchiso34@chronoengine.com,12/10/2020,Male,320 Warrior Circle,71.158.187.62
Elyssa,Pitblado,epitblado35@devhub.com,8/23/2020,Female,10820 Knutson Drive,79.159.223.132
Deva,McCrostie,dmccrostie36@vinaora.com,2/18/2020,Bigender,6 Thackeray Avenue,229.77.249.65
Marie-jeanne,Coultar,mcoultar37@noaa.gov,9/27/2020,Non-binary,7 Birchwood Circle,31.72.245.129
Archibald,McGarrell,amcgarrell38@google.de,10/28/2020,Female,7702 Golf Hill,47.231.224.138
Claudian,Clarkson,cclarkson39@odnoklassniki.ru,3/4/2020,Polygender,96 Monument Street,183.59.118.172
Rolland,Honisch,rhonisch3a@youtube.com,7/1/2020,Genderqueer,41 Carberry Drive,49.73.144.94
Barney,Varnam,bvarnam3b@odnoklassniki.ru,1/31/2020,Polygender,884 Fuller Alley,89.124.251.64
Deana,O'Dunniom,dodunniom3c@devhub.com,9/24/2020,Genderfluid,9 Sugar Street,207.137.21.103
Ryley,Giamelli,rgiamelli3d@earthlink.net,4/12/2020,Bigender,60 Annamark Terrace,220.173.80.8
Pen,Klouz,pklouz3e@storify.com,7/2/2020,Bigender,0 Kingsford Terrace,63.206.205.90
Kathie,Ellerman,kellerman3f@123-reg.co.uk,10/27/2020,Male,679 Maryland Road,201.203.122.8
Jinny,Skirling,jskirling3g@si.edu,2/18/2020,Female,40 Rigney Point,28.39.25.187
Karee,Semon,ksemon3h@discuz.net,11/2/2020,Male,6 Little Fleur Junction,121.202.81.177
Barnett,Luton,bluton3i@zimbio.com,7/17/2020,Polygender,26 Macpherson Way,68.216.193.169
Udell,Celes,uceles3j@narod.ru,7/28/2020,Non-binary,509 Dwight Center,139.9.126.224
Kittie,Lethbrig,klethbrig3k@myspace.com,5/28/2020,Genderqueer,363 Prairie Rose Court,44.23.70.115
Nicki,Alenshev,nalenshev3l@ucoz.ru,9/5/2020,Non-binary,8 Hooker Drive,219.185.155.252
Renae,Caizley,rcaizley3m@zdnet.com,8/26/2020,Genderfluid,7 Hazelcrest Lane,64.140.174.225
Bunni,Stirland,bstirland3n@berkeley.edu,12/10/2020,Non-binary,9 Thackeray Circle,51.135.146.5
Wildon,Holbury,wholbury3o@youtu.be,12/20/2020,Genderfluid,07688 Kedzie Alley,253.132.221.128
Margareta,Berrisford,mberrisford3p@statcounter.com,11/18/2020,Polygender,175 Ilene Way,57.146.45.124
Pace,Dechelle,pdechelle3q@furl.net,6/20/2020,Female,0007 Hayes Court,223.0.175.49
Gregorius,McFade,gmcfade3r@nifty.com,4/30/2020,Female,79 John Wall Plaza,93.218.233.131
Suzi,Smaridge,ssmaridge3s@homestead.com,12/30/2020,Genderfluid,23494 Macpherson Street,1.128.151.5
Shandie,Beert,sbeert3t@stumbleupon.com,10/23/2020,Genderqueer,34789 Ramsey Junction,70.121.58.51
Anthony,Lung,alung3u@dmoz.org,3/20/2020,Non-binary,202 Lukken Pass,236.221.158.161
Papagena,Carnegie,pcarnegie3v@constantcontact.com,5/20/2020,Non-binary,03319 Elgar Crossing,193.133.129.250
Kacie,Maggi,kmaggi3w@exblog.jp,4/3/2020,Genderqueer,284 Shoshone Park,249.214.236.201
Seymour,Godman,sgodman3x@opera.com,3/19/2020,Bigender,96 Kensington Alley,99.209.62.56
Norri,Natalie,nnatalie3y@foxnews.com,4/19/2020,Male,0 Nova Court,159.56.179.115
Berny,Ilbert,bilbert3z@freewebs.com,12/2/2020,Bigender,5945 Service Pass,64.219.40.26
Jessamine,Goodbur,jgoodbur40@hud.gov,5/30/2020,Agender,8146 Logan Road,136.250.195.213
Orin,Leddy,oleddy41@instagram.com,2/18/2020,Bigender,79 Blaine Place,34.188.5.227
Nanine,Sarvar,nsarvar42@loc.gov,2/25/2020,Non-binary,9 Doe Crossing Circle,54.159.228.223
Dodie,Cutmare,dcutmare43@google.de,6/27/2020,Male,94 Marcy Hill,151.232.19.8
Reuben,Ketch,rketch44@over-blog.com,6/18/2020,Female,268 Paget Plaza,25.144.165.180
Etan,Widmore,ewidmore45@clickbank.net,7/10/2020,Female,755 Forest Dale Drive,100.244.251.228
Lorilyn,Eisenberg,leisenberg46@unc.edu,5/20/2020,Agender,28 Gulseth Drive,82.120.58.226
Mag,McGifford,mmcgifford47@nyu.edu,5/28/2020,Polygender,397 Holy Cross Drive,96.1.206.72
Adrianne,Hanby,ahanby48@yolasite.com,8/13/2020,Agender,691 Pleasure Point,178.192.251.184
Alexander,Beausang,abeausang49@over-blog.com,1/18/2021,Male,25 Moulton Street,116.45.252.183
Franz,Levay,flevay4a@house.gov,6/29/2020,Polygender,039 Paget Place,57.101.252.12
Chrisy,Keenan,ckeenan4b@ted.com,12/25/2020,Agender,7 Everett Plaza,94.253.232.112
Abbey,Fearneley,afearneley4c@example.com,10/31/2020,Genderfluid,6 Grasskamp Lane,19.240.102.57
Hilde,Wye,hwye4d@epa.gov,10/14/2020,Genderfluid,68622 Sauthoff Lane,157.101.248.36
Nataline,Benmore,nbenmore4e@sogou.com,7/22/2020,Genderqueer,2 Merchant Hill,41.123.63.215
Bernetta,Vearnals,bvearnals4f@amazon.co.uk,9/20/2020,Genderqueer,68 Monument Terrace,251.157.10.42
Devland,Tomasz,dtomasz4g@acquirethisname.com,3/1/2020,Male,032 Florence Center,139.196.141.243
Raychel,Janoschek,rjanoschek4h@patch.com,11/21/2020,Polygender,357 Londonderry Way,121.121.23.55
Fleming,Cothey,fcothey4i@gnu.org,2/7/2020,Agender,7829 Sloan Trail,123.60.40.252
Dian,Crowth,dcrowth4j@yandex.ru,6/27/2020,Genderfluid,9 Di Loreto Park,58.87.216.49
Archaimbaud,Pavis,apavis4k@howstuffworks.com,11/23/2020,Non-binary,06 Autumn Leaf Alley,135.13.188.115
Saundra,Plaskitt,splaskitt4l@jugem.jp,1/13/2021,Agender,26 Green Place,216.90.58.148
Jenny,Abella,jabella4m@weibo.com,4/10/2020,Polygender,707 Clove Hill,3.163.47.32
Maitilde,Oldman,moldman4n@nifty.com,11/12/2020,Genderfluid,593 Granby Point,117.79.4.223
Imojean,Keast,ikeast4o@diigo.com,5/10/2020,Male,47982 Rockefeller Hill,251.59.172.11
Dorella,Ziebart,dziebart4p@creativecommons.org,12/7/2020,Non-binary,965 Towne Place,216.63.105.140
Arnuad,Pinkney,apinkney4q@about.me,5/2/2020,Non-binary,6 3rd Street,87.246.216.109
Jacquenetta,Sallery,jsallery4r@telegraph.co.uk,9/19/2020,Polygender,4 Debra Crossing,240.93.93.195
Hilde,Brunton,hbrunton4s@oaic.gov.au,3/20/2020,Non-binary,690 Vernon Court,184.227.208.169
Tatiana,Verdie,tverdie4t@hugedomains.com,11/29/2020,Polygender,35 Dunning Road,176.171.153.129
Ashby,Harlett,aharlett4u@indiatimes.com,5/25/2020,Agender,0 Boyd Way,255.229.78.181
Sarene,Pendrick,spendrick4v@gravatar.com,12/12/2020,Non-binary,22927 American Alley,21.38.18.171
Reinhold,Hardaker,rhardaker4w@mapquest.com,1/16/2021,Agender,547 Marcy Road,214.73.22.11
Horatio,Minmagh,hminmagh4x@canalblog.com,6/25/2020,Male,287 Mesta Pass,226.169.69.206
Allison,Danilov,adanilov4y@prnewswire.com,3/7/2020,Male,1 Warrior Road,142.91.63.171
Nita,Munkley,nmunkley4z@chronoengine.com,6/10/2020,Bigender,76 Vernon Alley,147.67.242.137
Phyllis,Shear,pshear50@ustream.tv,8/27/2020,Non-binary,0787 Crest Line Junction,124.122.114.19
Kimmy,Lundbeck,klundbeck51@businesswire.com,4/21/2020,Bigender,33 Algoma Circle,190.146.4.28
Jessa,Meadows,jmeadows52@cnn.com,4/27/2020,Male,387 Northport Pass,95.91.213.48
Thaddeus,Shropsheir,tshropsheir53@sciencedirect.com,12/27/2020,Genderqueer,754 Kensington Court,183.155.96.149
Hagen,Flaverty,hflaverty54@skyrock.com,8/8/2020,Genderqueer,7 Meadow Valley Terrace,203.24.215.175
Jarrid,Eagger,jeagger55@symantec.com,3/19/2020,Female,2 Barnett Hill,171.80.104.92
Cecily,Garms,cgarms56@spotify.com,10/6/2020,Genderqueer,2532 Russell Place,171.156.167.64
Paige,Torricina,ptorricina57@diigo.com,8/3/2020,Polygender,8482 Carpenter Road,141.75.198.164
Lynsey,Martineau,lmartineau58@java.com,5/13/2020,Female,77 Bartelt Crossing,187.24.64.199
Cindelyn,Molloy,cmolloy59@cargocollective.com,9/3/2020,Agender,4135 Arizona Terrace,70.101.173.125
Jeremiah,O'Corhane,jocorhane5a@discovery.com,6/7/2020,Male,79982 Kingsford Junction,164.243.11.253
Alyce,Studholme,astudholme5b@ebay.com,1/28/2020,Agender,4028 Crest Line Court,37.89.145.5
Leigh,Lamort,llamort5c@rediff.com,12/21/2020,Non-binary,8931 Memorial Road,36.17.0.194
Nixie,Percifer,npercifer5d@networkadvertising.org,7/28/2020,Bigender,22 Anderson Hill,118.63.228.188
Devondra,Scourgie,dscourgie5e@ft.com,7/29/2020,Female,177 Hovde Way,35.40.213.45
Alastair,Rozec,arozec5f@nifty.com,10/12/2020,Female,617 3rd Center,178.98.210.94
Honoria,Tidbold,htidbold5g@wp.com,10/20/2020,Polygender,8 Lake View Court,129.191.255.223
Ronalda,Brett,rbrett5h@sphinn.com,7/12/2020,Agender,72 Northland Hill,13.193.59.145
Bernardine,Banbrick,bbanbrick5i@oakley.com,4/24/2020,Bigender,60560 Fallview Court,7.46.154.86
Hussein,Giorgiutti,hgiorgiutti5j@privacy.gov.au,4/19/2020,Non-binary,5889 Bobwhite Center,30.65.248.222
Morgana,Diemer,mdiemer5k@facebook.com,7/2/2020,Male,37 Acker Park,83.175.117.254
Teodoro,Livens,tlivens5l@shop-pro.jp,6/19/2020,Male,781 Eagan Lane,155.215.253.20
Avram,Wear,awear5m@adobe.com,8/5/2020,Non-binary,0 Farragut Terrace,183.154.35.142
Clarie,Morris,cmorris5n@dion.ne.jp,1/26/2020,Genderfluid,56 Eggendart Center,23.181.101.116
Barnabas,Labrone,blabrone5o@ustream.tv,7/3/2020,Polygender,30233 Red Cloud Court,206.136.110.233
Winnah,Salla,wsalla5p@issuu.com,12/18/2020,Genderfluid,6 Sachs Alley,70.190.144.104
Harriott,Adacot,hadacot5q@youtu.be,5/2/2020,Agender,11679 Vernon Street,247.72.124.33
Germain,Aizikovitz,gaizikovitz5r@walmart.com,6/6/2020,Agender,6 Carey Drive,127.191.40.34
Doe,Hiland,dhiland5s@sbwire.com,6/7/2020,Non-binary,38 Dahle Plaza,143.162.223.167
Tully,Elix,telix5t@webmd.com,2/10/2020,Polygender,95728 Lukken Crossing,38.208.33.210
King,Hawksworth,khawksworth5u@arstechnica.com,3/25/2020,Male,4 Macpherson Terrace,130.252.195.16
Isadore,Kleinhaut,ikleinhaut5v@time.com,12/23/2020,Male,589 Bobwhite Point,254.122.106.125
Eddi,Beszant,ebeszant5w@diigo.com,3/6/2020,Polygender,6 Memorial Way,75.181.12.233
Coletta,Eagles,ceagles5x@yellowpages.com,6/14/2020,Genderfluid,83 Upham Hill,226.243.164.143
Orelee,MacCrachen,omaccrachen5y@wikipedia.org,7/30/2020,Non-binary,62121 Acker Parkway,243.164.240.254
Anny,Braksper,abraksper5z@thetimes.co.uk,12/14/2020,Non-binary,4 3rd Avenue,28.156.250.154
Bernie,Stenett,bstenett60@soup.io,8/18/2020,Agender,260 Jackson Terrace,61.163.109.110
Paloma,Boak,pboak61@stanford.edu,12/27/2020,Bigender,67372 Forest Lane,143.175.18.49
Julienne,Joriot,jjoriot62@wordpress.org,10/30/2020,Male,4251 Continental Alley,33.106.122.97
Farlee,Schnitter,fschnitter63@cornell.edu,5/16/2020,Bigender,97102 Boyd Lane,6.169.41.69
Ferguson,Draaisma,fdraaisma64@last.fm,6/3/2020,Male,842 7th Alley,215.88.99.183
Bridget,Barhems,bbarhems65@usda.gov,7/7/2020,Polygender,2963 Harbort Center,214.165.213.141
Herrick,Marks,hmarks66@apple.com,3/30/2020,Non-binary,19836 Dayton Way,251.118.103.27
Emmery,Piwall,epiwall67@google.ca,3/15/2020,Non-binary,8990 Arapahoe Plaza,2.240.4.55
Hillery,Fairnie,hfairnie68@biblegateway.com,11/12/2020,Agender,5 Pine View Circle,17.5.242.149
Brendin,Tocknell,btocknell69@bravesites.com,8/18/2020,Genderfluid,44048 Brown Park,131.90.235.64
Leonelle,Loving,lloving6a@skype.com,8/16/2020,Polygender,204 Huxley Plaza,167.34.98.126
Ursola,Crandon,ucrandon6b@xinhuanet.com,12/6/2020,Polygender,8150 Declaration Circle,89.146.236.238
Paul,Tripon,ptripon6c@baidu.com,1/29/2020,Genderfluid,69 Logan Parkway,65.195.112.107
Linea,Craske,lcraske6d@newyorker.com,6/1/2020,Non-binary,2929 Birchwood Alley,183.80.189.154
Doro,Kiehl,dkiehl6e@blog.com,10/26/2020,Genderfluid,20551 Troy Circle,99.38.151.29
Bette,Lappin,blappin6f@salon.com,5/28/2020,Bigender,49970 Oak Valley Trail,252.200.221.234
Nappie,Newland,nnewland6g@youtube.com,8/24/2020,Non-binary,96608 Southridge Way,166.211.85.102
William,Sessions,wsessions6h@squidoo.com,8/8/2020,Male,37007 Green Ridge Terrace,43.233.185.180
Hermann,Nolder,hnolder6i@networkadvertising.org,5/1/2020,Bigender,50 Lawn Place,66.94.200.243
Aime,Iacoboni,aiacoboni6j@bravesites.com,1/11/2021,Genderqueer,54 Ilene Point,174.118.113.106
Debi,Aphale,daphale6k@w3.org,7/10/2020,Polygender,5943 Talisman Court,58.220.231.71
Shepherd,Fermin,sfermin6l@zimbio.com,3/26/2020,Female,63180 Village Terrace,181.67.215.67
Bel,Divell,bdivell6m@thetimes.co.uk,12/13/2020,Genderfluid,965 Maywood Junction,54.222.1.135
Sibby,Clackers,sclackers6n@biglobe.ne.jp,3/2/2020,Agender,351 Bayside Plaza,71.245.14.62
Pam,Cadigan,pcadigan6o@360.cn,5/28/2020,Genderfluid,4 Granby Parkway,174.107.138.135
Todd,Thonger,tthonger6p@lulu.com,1/19/2021,Male,12 Aberg Crossing,233.165.11.246
Marcella,Croydon,mcroydon6q@wikimedia.org,9/1/2020,Female,98 Longview Point,68.136.125.179
Valera,Swynfen,vswynfen6r@godaddy.com,1/17/2021,Bigender,00240 Cordelia Center,132.213.194.216
Rhonda,Gobell,rgobell6s@arstechnica.com,7/15/2020,Agender,75 Anzinger Point,126.20.144.66
Hermie,Towner,htowner6t@wp.com,1/7/2021,Female,91 Westend Crossing,160.94.22.108
Shandee,Loffel,sloffel6u@feedburner.com,12/27/2020,Polygender,8 Bluestem Trail,168.190.64.29
Lothaire,Dalgleish,ldalgleish6v@biglobe.ne.jp,8/4/2020,Genderfluid,516 Monica Parkway,220.184.26.215
Spike,Maddams,smaddams6w@creativecommons.org,3/2/2020,Female,89679 Merrick Terrace,137.68.43.28
Tove,Standering,tstandering6x@bing.com,10/11/2020,Agender,1537 Oak Valley Parkway,86.93.174.177
Lenna,Kerridge,lkerridge6y@nba.com,6/1/2020,Polygender,26 Kenwood Road,181.53.211.225
Son,Claque,sclaque6z@homestead.com,2/29/2020,Bigender,69336 Thompson Circle,197.174.112.183
Fernandina,Glassopp,fglassopp70@qq.com,9/26/2020,Bigender,6531 Muir Road,153.196.33.122
Jerad,Poyle,jpoyle71@nih.gov,2/6/2020,Male,0167 Lake View Way,218.115.49.212
Talbot,Yakubovics,tyakubovics72@networkadvertising.org,5/5/2020,Agender,06 Jay Place,136.251.83.148
Charlean,Gadeaux,cgadeaux73@pagesperso-orange.fr,10/30/2020,Genderfluid,457 Transport Pass,140.209.164.102
Miof mela,Mapowder,mmapowder74@constantcontact.com,11/5/2020,Male,0661 Melvin Circle,1.88.241.185
Prudi,Hellsdon,phellsdon75@slate.com,2/14/2020,Non-binary,0 Oak Lane,43.221.99.83
Cloris,Carden,ccarden76@fastcompany.com,1/28/2020,Non-binary,3466 Center Point,51.168.233.19
Kellyann,Sorro,ksorro77@japanpost.jp,2/25/2020,Non-binary,95 Sachs Alley,191.115.172.175
Brittni,Cota,bcota78@ask.com,6/25/2020,Non-binary,1381 Cherokee Center,47.22.78.188
Lotty,Athow,lathow79@wikispaces.com,3/26/2020,Bigender,69873 High Crossing Road,66.135.19.117
Gavrielle,Weston,gweston7a@google.com,8/4/2020,Genderfluid,122 Graceland Avenue,151.73.139.249
Jillie,Brewins,jbrewins7b@ehow.com,8/8/2020,Agender,4603 Kedzie Court,217.70.151.85
Clerissa,Huikerby,chuikerby7c@topsy.com,6/12/2020,Genderqueer,8229 Mariners Cove Parkway,163.229.235.150
Sydel,Maskew,smaskew7d@artisteer.com,4/25/2020,Agender,5184 Lakeland Place,124.229.247.206
Gibby,Freer,gfreer7e@live.com,11/2/2020,Genderfluid,60 Dottie Way,101.27.74.26
Kiah,Pate,kpate7f@blogtalkradio.com,1/15/2021,Female,85 Gina Terrace,8.63.198.115
Joyann,Adame,jadame7g@webmd.com,6/26/2020,Polygender,8380 Jana Pass,109.134.119.175
Doralynn,McGahern,dmcgahern7h@lulu.com,9/21/2020,Polygender,5 1st Street,147.103.132.111
Coletta,Nise,cnise7i@de.vu,6/19/2020,Male,214 Holmberg Trail,47.160.25.141
Lombard,Hannond,lhannond7j@wix.com,3/26/2020,Genderqueer,338 Saint Paul Road,188.4.122.213
Cullin,Palser,cpalser7k@google.it,1/7/2021,Bigender,50 Golf View Drive,73.219.11.99
Minni,Paulack,mpaulack7l@yandex.ru,3/27/2020,Male,876 Pine View Avenue,237.132.20.123
Kayne,Krugmann,kkrugmann7m@webnode.com,4/25/2020,Polygender,88 Ramsey Terrace,163.125.251.121
Rinaldo,Sivyer,rsivyer7n@simplemachines.org,9/17/2020,Genderqueer,20 Crowley Avenue,56.163.188.114
Nathanial,Forster,nforster7o@upenn.edu,7/12/2020,Genderqueer,574 Del Mar Drive,246.138.27.44
Stanley,Colpus,scolpus7p@com.com,6/16/2020,Bigender,14 Main Circle,246.69.20.42
Olivia,Hanley,ohanley7q@scribd.com,2/19/2020,Non-binary,769 Tomscot Road,157.209.19.190
Neala,McCarly,nmccarly7r@discovery.com,1/4/2021,Bigender,56724 Rowland Place,34.177.63.139
Wynne,Sedgemore,wsedgemore7s@livejournal.com,9/11/2020,Non-binary,14 8th Alley,246.65.82.211
Layton,Karppi,lkarppi7t@google.ca,8/22/2020,Non-binary,44 Arrowood Road,27.178.246.195
Candice,Haddrell,chaddrell7u@com.com,2/22/2020,Genderfluid,61 Eastwood Avenue,59.47.97.185
Dita,Corston,dcorston7v@abc.net.au,12/6/2020,Non-binary,9 Florence Center,184.209.222.30
Ashien,Bredes,abredes7w@oaic.gov.au,12/4/2020,Agender,3 Kings Center,10.24.123.188
Carla,Knoble,cknoble7x@state.gov,7/17/2020,Genderfluid,01213 Fulton Plaza,145.240.240.95
Cristionna,Biddwell,cbiddwell7y@istockphoto.com,8/10/2020,Genderfluid,258 Carioca Lane,27.4.156.169
Corry,Oppery,coppery7z@wired.com,1/2/2021,Bigender,13434 Springs Terrace,220.14.40.151
Leann,Clowsley,lclowsley80@merriam-webster.com,3/3/2020,Bigender,2 Mallory Junction,0.88.64.2
Lauree,Midghall,lmidghall81@nyu.edu,11/14/2020,Bigender,0713 Lunder Place,135.139.117.205
Constantine,Freckingham,cfreckingham82@sciencedirect.com,1/22/2021,Non-binary,2659 Riverside Lane,204.199.171.217
Berget,Mandrey,bmandrey83@omniture.com,3/11/2020,Agender,0814 Dapin Alley,56.12.26.190
Malvin,Levermore,mlevermore84@youtube.com,9/20/2020,Genderfluid,1802 Cambridge Hill,110.185.132.22
Aryn,Dacombe,adacombe85@forbes.com,5/2/2020,Bigender,18 Shoshone Alley,54.221.164.85
Jard,Lewing,jlewing86@ucla.edu,12/14/2020,Female,88554 Porter Terrace,217.203.204.51
Corene,Ragate,cragate87@geocities.jp,3/15/2020,Genderqueer,39414 Mockingbird Park,138.217.110.124
Leoine,Lemmertz,llemmertz88@ifeng.com,12/3/2020,Genderqueer,826 Kenwood Hill,103.93.195.148
Morena,Birdsall,mbirdsall89@simplemachines.org,3/14/2020,Genderqueer,18864 Kings Alley,15.203.244.85
Leola,Biesty,lbiesty8a@squarespace.com,7/27/2020,Agender,8 Pleasure Center,163.72.84.171
Alvinia,Mathivon,amathivon8b@symantec.com,2/12/2020,Agender,58527 Fordem Avenue,180.148.106.102
Bram,Shallcrass,bshallcrass8c@skyrock.com,7/29/2020,Female,535 Schurz Court,42.61.41.227
Mirna,Barnbrook,mbarnbrook8d@hp.com,8/28/2020,Non-binary,3831 Cottonwood Terrace,239.136.25.126
Lars,Nockolds,lnockolds8e@newsvine.com,3/7/2020,Genderqueer,1611 Drewry Circle,103.214.37.155
Eugenio,Bellchamber,ebellchamber8f@privacy.gov.au,4/18/2020,Polygender,420 Springview Trail,116.134.251.208
Hallie,Nazer,hnazer8g@nih.gov,1/24/2021,Female,34 Charing Cross Alley,54.164.52.211
Johnnie,Kirkbride,jkirkbride8h@amazon.com,6/9/2020,Non-binary,7478 Russell Terrace,103.64.84.194
Adrea,McGloin,amcgloin8i@huffingtonpost.com,8/21/2020,Genderfluid,449 Shasta Junction,148.110.84.153
Ginnifer,Mixture,gmixture8j@ted.com,8/21/2020,Male,86 Lunder Circle,85.125.200.63
Linet,Anderer,landerer8k@wikimedia.org,1/6/2021,Male,10 Jenifer Trail,71.163.68.57
Mercedes,Frentz,mfrentz8l@time.com,8/25/2020,Non-binary,8430 Acker Parkway,129.248.172.58
Faber,Flann,fflann8m@yahoo.com,1/22/2021,Bigender,1 Summer Ridge Way,88.188.202.192
Titus,Wilkison,twilkison8n@berkeley.edu,6/6/2020,Male,2897 Dawn Lane,98.153.145.52
Amil,Dumbarton,adumbarton8o@seesaa.net,8/21/2020,Female,67 High Crossing Place,211.172.9.175
Lilli,Dericut,ldericut8p@dailymail.co.uk,8/10/2020,Genderfluid,0447 Merrick Pass,250.146.169.26
Kale,Yusupov,kyusupov8q@is.gd,4/3/2020,Non-binary,4 Northland Trail,134.148.221.6
Loren,Itzkowicz,litzkowicz8r@amazonaws.com,9/18/2020,Male,28 Farmco Avenue,212.185.38.139
Gail,Innot,ginnot8s@arizona.edu,5/31/2020,Genderqueer,5674 Tony Point,34.49.67.203
Adelice,Kennally,akennally8t@census.gov,6/1/2020,Polygender,72080 Eastlawn Terrace,6.108.181.23
Salvidor,Cannon,scannon8u@prlog.org,10/13/2020,Non-binary,7 Ludington Court,146.20.245.242
Marlie,Garken,mgarken8v@hp.com,7/12/2020,Agender,6 Myrtle Pass,117.208.220.247
Ellary,Martinets,emartinets8w@ifeng.com,10/8/2020,Genderfluid,826 Anhalt Hill,133.197.97.223
Bellanca,Sharland,bsharland8x@hubpages.com,5/10/2020,Genderqueer,233 Harper Point,214.166.103.100
Oralee,Monini,omonini8y@ihg.com,7/24/2020,Non-binary,39 Drewry Alley,234.140.163.243
Nessi,McInally,nmcinally8z@house.gov,8/19/2020,Female,87873 Loftsgordon Point,99.162.234.136
Judd,Hallihane,jhallihane90@freewebs.com,1/31/2020,Non-binary,249 Jay Avenue,183.228.164.97
Dorie,Huniwall,dhuniwall91@timesonline.co.uk,6/30/2020,Agender,78474 Cambridge Pass,182.86.13.127
Noell,Kettel,nkettel92@desdev.cn,12/21/2020,Male,3 Northridge Trail,96.75.221.133
Ade,Segeswoeth,asegeswoeth93@netscape.com,2/10/2020,Male,50 Coolidge Alley,143.48.105.91
Ursa,Berzons,uberzons94@theguardian.com,4/23/2020,Polygender,9810 Tony Parkway,254.7.190.9
Dore,Dobrowlski,ddobrowlski95@e-recht24.de,1/13/2021,Agender,43154 Surrey Hill,211.5.234.190
Maurise,Tweddell,mtweddell96@oracle.com,10/12/2020,Female,7 Browning Alley,245.255.138.238
Serene,Cuchey,scuchey97@intel.com,3/15/2020,Polygender,6930 Holmberg Parkway,167.5.235.10
Cristobal,Oldrey,coldrey98@earthlink.net,1/30/2020,Genderfluid,21 La Follette Center,183.179.250.105
Saudra,Rissen,srissen99@chron.com,5/2/2020,Genderqueer,134 Stoughton Junction,116.232.212.115
Row,Chisholm,rchisholm9a@nasa.gov,9/15/2020,Male,17927 Banding Avenue,199.196.69.201
Shellysheldon,Nowlan,snowlan9b@jimdo.com,12/13/2020,Agender,64 Barnett Alley,38.24.27.110
Winnah,Norssister,wnorssister9c@clickbank.net,6/30/2020,Genderfluid,9 Oak Valley Terrace,196.145.176.121
Anna-maria,Rugiero,arugiero9d@addtoany.com,10/19/2020,Genderfluid,0 Schiller Street,98.24.234.110
Jacquelynn,Vassall,jvassall9e@dailymail.co.uk,3/10/2020,Non-binary,02 Summerview Avenue,132.139.244.199
Siusan,Peniello,speniello9f@tmall.com,9/19/2020,Genderqueer,80 Morningstar Drive,20.76.30.71
Corbie,Smalcombe,csmalcombe9g@storify.com,9/24/2020,Genderfluid,8091 Dennis Drive,7.138.10.208
Kari,Roomes,kroomes9h@baidu.com,4/28/2020,Polygender,76688 Quincy Way,230.235.153.56
Barbie,Letcher,bletcher9i@hubpages.com,6/8/2020,Non-binary,77023 Hanson Plaza,160.80.141.23
Ethe,Gagan,egagan9j@archive.org,9/1/2020,Female,8 Nancy Plaza,145.141.30.105
Barney,Jackett,bjackett9k@lycos.com,3/31/2020,Female,7 Glendale Way,24.95.39.63
Chuck,Vidler,cvidler9l@drupal.org,6/11/2020,Genderqueer,3744 Ludington Alley,108.68.249.11
Yvette,Mish,ymish9m@webmd.com,9/7/2020,Bigender,382 Arizona Circle,199.12.94.6
Dorry,Iacovielli,diacovielli9n@ameblo.jp,5/14/2020,Female,7 Hooker Alley,189.194.94.20
Idalina,Ridewood,iridewood9o@yahoo.co.jp,1/19/2021,Male,17 Old Gate Hill,88.69.147.185
Renate,Buttrick,rbuttrick9p@mail.ru,8/16/2020,Bigender,44072 Kingsford Park,71.180.50.250
Joshia,Shacklady,jshacklady9q@google.com.hk,3/23/2020,Polygender,4 Bartelt Trail,80.100.23.149
Selestina,Glenny,sglenny9r@php.net,8/6/2020,Agender,01184 Clarendon Park,70.174.208.153
Beverlee,Munns,bmunns9s@ning.com,6/21/2020,Agender,3062 Grim Court,247.171.119.143
Caldwell,Iczokvitz,ciczokvitz9t@eventbrite.com,6/7/2020,Bigender,26473 Veith Alley,39.87.187.169
Lewes,Foch,lfoch9u@cloudflare.com,4/2/2020,Male,81674 Caliangt Park,152.188.66.149
Gaultiero,Mohammed,gmohammed9v@miibeian.gov.cn,8/1/2020,Agender,45935 Miller Center,155.139.132.114
Natalya,Petraitis,npetraitis9w@foxnews.com,5/27/2020,Female,31468 Katie Hill,107.158.48.69
Egbert,Glasper,eglasper9x@nsw.gov.au,12/17/2020,Agender,14995 Burrows Place,242.80.74.38
Baily,Philipot,bphilipot9y@biglobe.ne.jp,2/20/2020,Genderfluid,083 Oakridge Drive,109.238.96.154
Darla,Callendar,dcallendar9z@rediff.com,9/20/2020,Non-binary,858 Express Street,149.1.159.217
Ronalda,Shoebotham,rshoebothama0@google.it,12/17/2020,Genderfluid,1867 Evergreen Parkway,157.166.88.102
Laird,Davidzon,ldavidzona1@google.pl,2/2/2020,Polygender,82 Delaware Circle,27.23.108.82
Janeva,Garrat,jgarrata2@msu.edu,5/8/2020,Genderqueer,01 Ridgeway Hill,117.44.222.83
Faber,Rihosek,frihoseka3@bandcamp.com,5/1/2020,Agender,0459 Dorton Circle,25.58.72.3
Willamina,Scarman,wscarmana4@fotki.com,7/13/2020,Female,949 Grim Street,61.92.166.235
Luca,Rakestraw,lrakestrawa5@webnode.com,10/15/2020,Genderfluid,88 Veith Drive,24.226.53.233
Fidole,Pallasch,fpallascha6@patch.com,11/16/2020,Female,9 Ryan Avenue,78.97.152.159
Davey,Chippendale,dchippendalea7@cmu.edu,1/21/2021,Bigender,6902 Messerschmidt Plaza,35.148.71.4
Brigham,Rennix,brennixa8@cdc.gov,4/6/2020,Agender,03125 Derek Alley,13.153.20.248
Leesa,Antoniutti,lantoniuttia9@nytimes.com,4/12/2020,Bigender,060 Elmside Way,149.105.0.39
Mallory,Pendergrast,mpendergrastaa@newyorker.com,2/21/2020,Bigender,16 Cascade Road,189.217.180.12
Ly,Ickovici,lickoviciab@china.com.cn,2/7/2020,Polygender,5301 Ryan Place,18.78.240.218
Valry,Sowle,vsowleac@apache.org,6/3/2020,Polygender,533 Pearson Drive,38.110.164.92
Gweneth,Dovermann,gdovermannad@networksolutions.com,2/10/2020,Non-binary,71 Florence Street,60.140.232.114
Jourdain,Burtonshaw,jburtonshawae@flavors.me,2/16/2020,Genderfluid,816 Hanover Court,146.37.192.231
Garland,Berns,gbernsaf@sogou.com,10/14/2020,Genderfluid,6766 Browning Place,211.92.38.11
Lavinia,Shouler,lshoulerag@yellowpages.com,3/2/2020,Agender,01 Brentwood Trail,16.6.196.219
Olivia,Darkott,odarkottah@mtv.com,12/8/2020,Genderfluid,88196 Harbort Terrace,190.234.229.209
Olly,Satterlee,osatterleeai@arstechnica.com,1/1/2021,Genderqueer,98068 Stephen Circle,67.231.114.130
Arnold,Zanicchelli,azanicchelliaj@yandex.ru,12/25/2020,Bigender,28 Coolidge Court,69.125.37.224
Balduin,Methingam,bmethingamak@lycos.com,12/25/2020,Genderqueer,1577 Southridge Center,143.65.26.83
Misti,Houlston,mhoulstonal@imdb.com,6/27/2020,Genderfluid,52505 Express Circle,65.246.65.254
Rod,Laughlan,rlaughlanam@delicious.com,2/23/2020,Polygender,345 Calypso Junction,4.112.236.107
Tore,Straneo,tstraneoan@usa.gov,6/23/2020,Female,435 Almo Terrace,116.153.136.223
Halley,Ibbett,hibbettao@sbwire.com,9/14/2020,Bigender,37567 Knutson Hill,143.62.48.225
Cynde,Diprose,cdiproseap@usnews.com,5/13/2020,Male,7248 Blackbird Street,231.5.122.239
Frayda,Keatch,fkeatchaq@xrea.com,2/9/2020,Bigender,404 Warner Park,149.104.105.78
Lyn,Vasyunkin,lvasyunkinar@amazonaws.com,3/24/2020,Non-binary,788 Eggendart Terrace,28.127.143.66
Elias,Merring,emerringas@nationalgeographic.com,10/20/2020,Non-binary,8837 Bultman Plaza,87.5.236.243
Amye,Kittman,akittmanat@gov.uk,5/12/2020,Genderfluid,3 Forest Way,164.188.60.74
Paulita,Empson,pempsonau@quantcast.com,10/16/2020,Non-binary,680 Fisk Avenue,148.83.185.40
Melba,Morman,mmormanav@cpanel.net,12/11/2020,Female,4 Farwell Way,77.61.27.39
Delmore,Stoker,dstokeraw@prnewswire.com,3/1/2020,Polygender,6 Spaight Road,0.251.217.211
Cyndia,O'Corhane,cocorhaneax@live.com,1/5/2021,Agender,69 Oneill Junction,78.179.109.180
Maxy,Harken,mharkenay@4shared.com,1/20/2021,Bigender,4513 Red Cloud Crossing,161.6.41.18
Leeann,Chanders,lchandersaz@youtube.com,9/18/2020,Non-binary,0 Macpherson Terrace,98.194.227.118
Shalna,Dible,sdibleb0@fastcompany.com,12/14/2020,Female,02 Superior Court,206.106.237.183
Robbie,Filinkov,rfilinkovb1@adobe.com,5/10/2020,Female,50 Anhalt Trail,122.14.205.165
Zebedee,Devoy,zdevoyb2@homestead.com,2/12/2020,Genderqueer,0276 Fairfield Center,37.11.126.190
Wallace,Calleja,wcallejab3@xinhuanet.com,8/16/2020,Genderfluid,0442 Donald Terrace,209.128.94.225
Ashlen,McKeurtan,amckeurtanb4@skype.com,4/11/2020,Female,84 Macpherson Alley,164.143.84.87
Cherish,Sibley,csibleyb5@squarespace.com,1/13/2021,Genderfluid,24 Schlimgen Terrace,26.239.134.17
Gwyneth,Thirst,gthirstb6@privacy.gov.au,6/7/2020,Non-binary,2 La Follette Junction,40.199.46.25
Gaspar,Caruth,gcaruthb7@va.gov,3/26/2020,Female,279 Elka Drive,180.42.30.135
Lydia,Orris,lorrisb8@paginegialle.it,9/5/2020,Polygender,17 Myrtle Point,240.231.113.75
Alana,Featonby,afeatonbyb9@va.gov,11/29/2020,Female,37685 Hoffman Point,234.10.119.101
Keir,Ubsdell,kubsdellba@usatoday.com,10/9/2020,Non-binary,15 Farwell Park,126.155.243.215
Liliane,Oldham,loldhambb@webmd.com,4/22/2020,Male,7 Westerfield Parkway,92.37.182.178
Inger,Clack,iclackbc@gov.uk,7/15/2020,Female,738 Sheridan Alley,49.47.236.60
Allie,Layfield,alayfieldbd@studiopress.com,3/20/2020,Genderqueer,267 Spenser Center,138.29.245.58
Krissie,Goter,kgoterbe@pagesperso-orange.fr,9/26/2020,Agender,01 Arrowood Point,147.138.151.164
Dode,Lovstrom,dlovstrombf@eventbrite.com,1/28/2020,Genderfluid,74285 Summit Point,79.16.95.160
Griz,Grabeham,ggrabehambg@mediafire.com,2/1/2020,Agender,9 Donald Road,103.6.170.107
Carmencita,Stafford,cstaffordbh@lulu.com,12/15/2020,Bigender,23 Barby Plaza,78.212.207.91
Fowler,Flott,fflottbi@nih.gov,6/10/2020,Non-binary,6774 Pankratz Point,136.154.121.208
Ericha,Belitz,ebelitzbj@youku.com,10/22/2020,Polygender,43 6th Hill,64.170.100.231
Sascha,Roelvink,sroelvinkbk@wikispaces.com,10/21/2020,Female,9575 Mosinee Hill,247.59.150.156
Jordanna,Bosden,jbosdenbl@posterous.com,7/29/2020,Agender,1482 Rieder Court,11.110.54.60
Temp,Gregorace,tgregoracebm@myspace.com,6/23/2020,Genderfluid,24718 Lindbergh Street,138.68.0.62
Angie,Abbyss,aabbyssbn@barnesandnoble.com,12/25/2020,Agender,45 1st Street,118.182.70.80
Barnie,Brenneke,bbrennekebo@toplist.cz,7/1/2020,Polygender,38 Waubesa Parkway,197.246.151.219
Judah,Kember,jkemberbp@bing.com,4/26/2020,Female,886 Pierstorff Terrace,163.109.219.148
Dulcia,Bruinsma,dbruinsmabq@ebay.co.uk,2/10/2020,Polygender,492 Pine View Junction,251.177.174.219
Mei,Vinton,mvintonbr@businesswire.com,2/21/2020,Genderqueer,709 Cascade Point,0.13.149.125
Tannie,Thor,tthorbs@is.gd,11/21/2020,Non-binary,55045 Oak Lane,128.118.105.205
Culver,Castel,ccastelbt@1und1.de,2/21/2020,Non-binary,4754 Moland Drive,252.220.139.247
Llywellyn,Jakubovitch,ljakubovitchbu@miibeian.gov.cn,7/7/2020,Non-binary,5 Hintze Hill,58.249.225.5
Sara-ann,Sugars,ssugarsbv@fotki.com,6/20/2020,Genderqueer,2662 Summerview Crossing,198.129.209.238
Latisha,Astles,lastlesbw@stumbleupon.com,8/16/2020,Female,6362 Brentwood Way,194.134.17.31
Sybil,Keyes,skeyesbx@jalbum.net,10/14/2020,Genderqueer,6 Meadow Valley Alley,255.3.186.38
Michelina,Quinton,mquintonby@wiley.com,2/29/2020,Bigender,5313 Oak Alley,238.250.28.94
Flory,Basset,fbassetbz@bluehost.com,4/10/2020,Genderqueer,233 Talmadge Place,175.117.43.42
Abbye,Shapcott,ashapcottc0@drupal.org,4/29/2020,Bigender,7619 Lakeland Park,9.58.206.16
Kinna,Smeed,ksmeedc1@nifty.com,6/12/2020,Agender,32042 Texas Court,34.188.8.237
Daron,Insole,dinsolec2@booking.com,10/3/2020,Agender,9 Killdeer Avenue,78.189.249.86
Matilde,Cadman,mcadmanc3@weebly.com,12/22/2020,Non-binary,8 Anniversary Road,112.233.65.28
Justina,Madelin,jmadelinc4@dropbox.com,2/6/2020,Bigender,0 Eastlawn Junction,38.76.184.146
Tommi,Burkill,tburkillc5@shinystat.com,4/19/2020,Non-binary,9440 Comanche Court,51.45.133.58
Cindra,Fishlee,cfishleec6@mapquest.com,2/9/2020,Genderqueer,1587 Meadow Ridge Drive,42.165.49.162
Keely,Ivanin,kivaninc7@t.co,8/13/2020,Bigender,9380 Kropf Junction,125.129.208.251
Hinze,Royste,hroystec8@sphinn.com,5/5/2020,Female,2 Maywood Avenue,205.25.125.105
Alain,Clarke,aclarkec9@noaa.gov,8/6/2020,Male,5 Hayes Circle,185.3.84.108
Veradis,Sweed,vsweedca@uol.com.br,12/1/2020,Genderfluid,4 Del Sol Street,189.87.32.47
Kerianne,Mathivat,kmathivatcb@sakura.ne.jp,9/26/2020,Genderqueer,2270 Birchwood Way,138.193.106.251
Katya,Whitlow,kwhitlowcc@dyndns.org,6/30/2020,Male,43833 Park Meadow Center,163.6.10.13
Teirtza,Dumbar,tdumbarcd@weebly.com,1/3/2021,Bigender,0651 Graedel Pass,157.100.8.251
Saw,Cormack,scormackce@twitpic.com,4/1/2020,Bigender,27 Sloan Place,182.246.79.65
Augustin,Parmley,aparmleycf@shutterfly.com,12/9/2020,Non-binary,9 New Castle Circle,124.110.153.93
Troy,Bruhnicke,tbruhnickecg@mysql.com,12/26/2020,Bigender,528 Weeping Birch Pass,225.40.109.96
Waite,Van Hault,wvanhaultch@disqus.com,10/12/2020,Female,46439 Kennedy Plaza,60.153.86.119
Idaline,Trippitt,itrippittci@cloudflare.com,3/13/2020,Male,78 Morningstar Trail,183.139.74.228
Nicolette,Howick,nhowickcj@icio.us,3/27/2020,Genderfluid,378 8th Place,231.24.238.27
Codie,Kunc,ckuncck@sogou.com,3/10/2020,Bigender,02 Havey Place,99.244.29.201
Florina,Flux,ffluxcl@zimbio.com,6/3/2020,Polygender,643 Hallows Terrace,26.128.228.23
Elysia,Gallimore,egallimorecm@economist.com,12/25/2020,Bigender,10965 Del Sol Terrace,93.75.40.29
Dagny,Butland,dbutlandcn@posterous.com,4/25/2020,Female,979 Porter Pass,253.186.76.0
Alfie,Bache,abacheco@hexun.com,5/16/2020,Agender,22593 Memorial Court,29.241.174.29
Robinet,Hulson,rhulsoncp@nature.com,8/25/2020,Bigender,3624 Parkside Way,8.118.177.125
Carlo,Galloway,cgallowaycq@foxnews.com,10/26/2020,Polygender,23 Gale Hill,170.160.253.185
Wilmar,Brunner,wbrunnercr@gov.uk,7/19/2020,Polygender,6407 Eliot Avenue,87.248.184.26
Osbourn,Alliston,oallistoncs@scribd.com,12/19/2020,Genderfluid,00 Canary Plaza,18.142.188.200
Deborah,Vequaud,dvequaudct@so-net.ne.jp,11/24/2020,Genderqueer,1 Sage Crossing,225.11.99.104
Wilden,Tizzard,wtizzardcu@shutterfly.com,3/26/2020,Genderqueer,35 Montana Drive,172.157.29.244
Cleveland,Wren,cwrencv@indiatimes.com,1/15/2021,Female,47984 Pankratz Pass,117.126.112.58
Reena,Hacon,rhaconcw@freewebs.com,5/30/2020,Agender,7 Marcy Crossing,34.179.124.211
Marcelline,Strivens,mstrivenscx@ibm.com,1/10/2021,Male,992 Park Meadow Road,165.73.8.105
Chad,Tinmouth,ctinmouthcy@tinyurl.com,11/16/2020,Agender,220 Oak Valley Plaza,60.216.209.117
Bertine,Pesek,bpesekcz@imageshack.us,6/27/2020,Genderfluid,04314 Carberry Avenue,52.10.248.26
Asia,Edmonstone,aedmonstoned0@mozilla.org,5/25/2020,Agender,73206 Del Sol Terrace,240.137.214.138
Beitris,Outram,boutramd1@dropbox.com,11/3/2020,Polygender,2 Truax Parkway,130.13.94.30
Arv,Gossage,agossaged2@cdc.gov,12/3/2020,Genderqueer,523 Maple Drive,74.208.93.136
Welch,Blackly,wblacklyd3@spotify.com,12/15/2020,Bigender,92 Claremont Plaza,216.249.146.92
Kaylyn,Farnhill,kfarnhilld4@slate.com,4/2/2020,Agender,31 Bultman Hill,179.179.118.160
Kristoffer,Choppin,kchoppind5@weebly.com,2/26/2020,Polygender,25 Jenna Point,100.57.149.28
Maud,Brabban,mbrabband6@com.com,8/9/2020,Non-binary,21 Pierstorff Crossing,211.81.129.169
Marsha,Thomassin,mthomassind7@about.me,8/10/2020,Polygender,4099 Comanche Parkway,94.227.160.246
Lorry,Godfray,lgodfrayd8@dropbox.com,5/20/2020,Agender,43 Springs Parkway,179.217.141.250
Heida,Critchley,hcritchleyd9@usatoday.com,11/8/2020,Genderqueer,58971 Bartelt Junction,254.141.171.52
Basia,Breslin,bbreslinda@studiopress.com,9/9/2020,Male,674 Golden Leaf Crossing,121.134.119.126
Ardeen,Form,aformdb@alibaba.com,10/26/2020,Bigender,44 Moland Pass,74.210.118.70
Cheryl,Blumsom,cblumsomdc@issuu.com,12/18/2020,Genderfluid,25621 Quincy Way,207.126.94.25
Noni,Filov,nfilovdd@bluehost.com,7/20/2020,Female,43156 Magdeline Junction,90.111.28.212
Orazio,Demoge,odemogede@va.gov,11/8/2020,Non-binary,2 Northview Drive,3.164.173.58
Derrick,Athey,datheydf@oracle.com,9/14/2020,Bigender,73972 Doe Crossing Drive,115.69.4.80
Pascale,Beddall,pbeddalldg@archive.org,1/1/2021,Female,290 Mesta Hill,37.23.238.180
Mella,Anetts,manettsdh@1688.com,5/12/2020,Polygender,18 Huxley Crossing,60.213.226.104
Danyelle,Delgua,ddelguadi@goo.ne.jp,8/16/2020,Non-binary,36 Hollow Ridge Circle,13.89.95.2
Dael,Maplesden,dmaplesdendj@blogger.com,11/14/2020,Non-binary,12075 Rockefeller Court,69.159.50.85
Sibella,Langmuir,slangmuirdk@prweb.com,12/29/2020,Non-binary,97583 Pierstorff Pass,208.182.60.28
Stephine,Fochs,sfochsdl@examiner.com,3/22/2020,Non-binary,8 Sachs Hill,17.212.81.38
Kellby,Ebbrell,kebbrelldm@loc.gov,2/26/2020,Agender,4 Luster Avenue,160.214.134.160
Caresa,Girardini,cgirardinidn@cbsnews.com,3/6/2020,Genderqueer,17 Portage Junction,187.66.181.77
Cortney,Ahrendsen,cahrendsendo@opera.com,1/11/2021,Genderqueer,214 Holmberg Hill,167.246.239.81
Hildagard,Bamber,hbamberdp@chicagotribune.com,7/8/2020,Female,24708 Springs Way,212.133.7.97
Olivia,Stacy,ostacydq@cdc.gov,10/17/2020,Non-binary,55875 Nobel Point,40.73.182.157
Minnie,Pettie,mpettiedr@fotki.com,3/3/2020,Genderqueer,36 Upham Park,61.144.135.22
Wandie,Rosendale,wrosendaleds@msu.edu,6/26/2020,Genderfluid,223 Anzinger Alley,121.254.10.218
Beaufort,Mulqueen,bmulqueendt@t-online.de,6/28/2020,Bigender,59535 Village Green Parkway,106.230.114.217
Vladamir,Leiden,vleidendu@feedburner.com,5/2/2020,Genderqueer,64 Iowa Alley,39.251.46.66
Kaleb,Beinisch,kbeinischdv@google.nl,12/18/2020,Agender,8777 Gateway Road,238.62.111.53
Anna,Kubu,akubudw@youtu.be,4/2/2020,Non-binary,5 Everett Lane,85.246.49.190
Saleem,Unthank,sunthankdx@sitemeter.com,8/14/2020,Non-binary,27342 Golf View Drive,50.245.6.33
Fernanda,O'Scandall,foscandalldy@businessweek.com,2/7/2020,Bigender,0789 Paget Drive,150.87.71.57
Mile,Impy,mimpydz@photobucket.com,1/20/2021,Genderfluid,6131 Little Fleur Drive,130.36.184.211
Cozmo,Janisson,cjanissone0@bloglovin.com,4/5/2020,Bigender,8 Golf Course Center,192.253.196.178
Giff,Hammerman,ghammermane1@ovh.net,10/14/2020,Genderqueer,821 Forest Hill,239.151.16.97
Devonne,Mullenger,dmullengere2@dailymotion.com,6/5/2020,Non-binary,1059 Hallows Drive,90.215.79.111
Olag,Tolefree,otolefreee3@multiply.com,7/23/2020,Genderqueer,798 Loomis Way,61.71.134.63
Anneliese,Murie,amuriee4@accuweather.com,4/21/2020,Non-binary,76498 Fulton Way,25.16.50.10
Alayne,Cornish,acornishe5@cyberchimps.com,12/14/2020,Non-binary,0 Randy Place,215.199.194.179
Carmelia,Pritchett,cpritchette6@mac.com,12/4/2020,Male,9 Starling Pass,223.188.233.56
Garret,Dudman,gdudmane7@microsoft.com,4/18/2020,Polygender,10 Toban Drive,148.46.131.184
Vasily,Dantesia,vdantesiae8@wikia.com,4/21/2020,Non-binary,048 Jenifer Alley,99.189.121.220
Nettle,Mallion,nmallione9@friendfeed.com,2/3/2020,Non-binary,6617 Lindbergh Alley,68.30.53.73
Pearce,Trangmar,ptrangmarea@noaa.gov,7/17/2020,Agender,3782 Mandrake Terrace,158.184.179.83
Alanson,Zucker,azuckereb@pinterest.com,5/14/2020,Genderqueer,28 Continental Lane,44.160.210.186
Kenn,Tremayne,ktremayneec@ow.ly,12/24/2020,Female,7 Roxbury Plaza,250.130.71.54
Corny,Beardsell,cbeardselled@ft.com,4/7/2020,Female,5 Anhalt Street,61.26.84.244
Hatty,Armstrong,harmstrongee@tinyurl.com,6/29/2020,Non-binary,244 Duke Alley,208.10.205.127
Nelia,Pirnie,npirnieef@goo.gl,4/20/2020,Polygender,738 Spenser Plaza,183.235.139.182
Eveleen,Cakebread,ecakebreadeg@plala.or.jp,12/10/2020,Agender,7413 Morning Junction,122.5.132.184
Garry,Rout,grouteh@youtu.be,6/12/2020,Non-binary,7599 Morrow Court,242.144.103.69
Kalli,Keeting,kkeetingei@harvard.edu,1/7/2021,Non-binary,05800 Duke Park,18.150.108.23
Julita,Forre,jforreej@chronoengine.com,11/18/2020,Male,959 Di Loreto Street,52.4.59.239
Gualterio,Rowlin,growlinek@diigo.com,7/30/2020,Non-binary,9 Loomis Junction,123.65.49.216
Lona,Jillings,ljillingsel@mac.com,6/8/2020,Female,5511 Schmedeman Road,218.21.235.84
Irvin,Schuricke,ischurickeem@yale.edu,10/19/2020,Female,837 Pawling Trail,152.201.117.24
Jemimah,Maccrea,jmaccreaen@w3.org,8/5/2020,Female,8 Buell Place,156.157.33.145
Alec,Mease,ameaseeo@surveymonkey.com,9/20/2020,Genderfluid,836 Northridge Junction,136.33.155.205
Maddy,Cotmore,mcotmoreep@smugmug.com,9/11/2020,Female,5 Chive Junction,99.170.155.78
Mitchell,Braban,mbrabaneq@photobucket.com,3/18/2020,Female,358 Tomscot Plaza,249.122.156.16
Hermon,Murkitt,hmurkitter@timesonline.co.uk,9/29/2020,Genderqueer,5 Bay Pass,94.204.110.163
Micheal,Leaton,mleatones@dion.ne.jp,10/7/2020,Agender,170 Kropf Trail,185.27.8.222
Jayson,Iacabucci,jiacabucciet@mit.edu,12/29/2020,Genderfluid,4 Waubesa Hill,230.229.139.129
Tully,Raffan,traffaneu@hexun.com,1/22/2021,Polygender,999 Vermont Plaza,254.23.27.191
Josh,Lockhead,jlockheadev@springer.com,5/14/2020,Female,2 Scofield Trail,55.241.12.174
Titos,Dudley,tdudleyew@cbslocal.com,3/24/2020,Polygender,8744 Rusk Terrace,121.123.17.140
Selig,Thynn,sthynnex@sbwire.com,10/21/2020,Polygender,69079 Luster Way,129.207.119.21
Yank,Biskup,ybiskupey@state.tx.us,5/20/2020,Agender,3 Cottonwood Alley,19.23.88.172
Shandee,Ginner,sginnerez@slideshare.net,12/22/2020,Genderqueer,7 Hermina Drive,81.112.11.90
Tory,Graver,tgraverf0@weebly.com,12/30/2020,Bigender,48082 Northview Plaza,59.189.6.247
Kara,Macy,kmacyf1@umich.edu,1/30/2020,Polygender,1565 Union Lane,255.160.117.204
Tabby,Covolini,tcovolinif2@mozilla.com,11/12/2020,Agender,48264 Bluejay Circle,54.241.207.19
Caz,Wenn,cwennf3@pen.io,4/19/2020,Female,3 Kingsford Court,65.202.162.223
Patty,Enright,penrightf4@mediafire.com,4/19/2020,Genderqueer,19692 Washington Circle,222.237.10.190
Libbey,Lethbury,llethburyf5@phpbb.com,9/21/2020,Genderfluid,456 Express Court,17.217.231.86
Albina,Rosten,arostenf6@amazon.co.jp,7/5/2020,Agender,5 Rigney Place,84.148.10.55
Clem,Coddrington,ccoddringtonf7@storify.com,1/27/2020,Genderqueer,1609 Kingsford Place,161.33.228.235
Niko,Jackson,njacksonf8@chron.com,9/9/2020,Bigender,2 Northview Point,99.10.109.159
Caro,Congreve,ccongrevef9@cbsnews.com,6/8/2020,Non-binary,58 Ridgeview Street,63.83.239.209
Caressa,de Grey,cdegreyfa@usgs.gov,3/18/2020,Non-binary,2 Michigan Place,140.4.252.200
Heather,McGuane,hmcguanefb@google.ca,4/25/2020,Non-binary,59047 Golf Trail,0.0.71.182
Terza,Tanton,ttantonfc@umn.edu,10/14/2020,Non-binary,16148 Westend Drive,68.76.253.102
Grace,Condliffe,gcondliffefd@wiley.com,5/18/2020,Non-binary,7 Brentwood Parkway,90.95.193.202
Adolphus,Zecchetti,azecchettife@biglobe.ne.jp,10/3/2020,Non-binary,6 Manitowish Trail,13.198.89.208
Adorne,Imlin,aimlinff@dedecms.com,5/6/2020,Genderfluid,80 Kim Pass,63.69.94.46
Dalli,Albone,dalbonefg@tinyurl.com,1/22/2021,Genderfluid,575 Anzinger Parkway,167.116.0.218
Adelice,Josham,ajoshamfh@nasa.gov,12/14/2020,Polygender,466 4th Crossing,2.109.155.41
Arch,Batchelar,abatchelarfi@stumbleupon.com,9/4/2020,Genderqueer,08 Ryan Park,186.75.183.148
Ophelia,Arnott,oarnottfj@google.ru,5/17/2020,Female,6 Loftsgordon Place,163.86.17.32
Alister,Doudney,adoudneyfk@salon.com,9/29/2020,Genderqueer,3 Eagle Crest Avenue,48.8.161.248
Dosi,Grogona,dgrogonafl@ning.com,9/29/2020,Agender,061 Glendale Pass,81.119.79.246
Melonie,Wittman,mwittmanfm@constantcontact.com,1/9/2021,Bigender,19418 Mosinee Center,245.168.249.131
Will,Aldam,waldamfn@buzzfeed.com,3/8/2020,Male,9 Dayton Drive,24.207.182.153
Atlante,Labbez,alabbezfo@wsj.com,4/6/2020,Polygender,0 Macpherson Trail,152.167.41.199
Guss,Cutbush,gcutbushfp@earthlink.net,1/1/2021,Agender,92 Valley Edge Street,215.16.180.29
Vivianna,Kervin,vkervinfq@scientificamerican.com,11/29/2020,Genderqueer,2 Dapin Street,244.202.70.69
Raul,Wicher,rwicherfr@ifeng.com,5/22/2020,Genderqueer,00 West Park,174.154.107.180
Kaitlyn,Bassingham,kbassinghamfs@163.com,4/19/2020,Bigender,3353 Gina Avenue,54.213.46.13
Shirl,Scarr,sscarrft@pinterest.com,12/20/2020,Male,146 Fulton Hill,112.81.130.5
Ber,MacGiolla Pheadair,bmacgiollapheadairfu@lycos.com,3/10/2020,Bigender,4 Oak Place,38.114.131.116
Dwight,Reeks,dreeksfv@slashdot.org,11/6/2020,Agender,89 Cordelia Lane,30.85.221.79
Zsazsa,Bolden,zboldenfw@51.la,8/30/2020,Agender,1485 School Pass,70.172.242.178
Danica,Bunclark,dbunclarkfx@huffingtonpost.com,8/23/2020,Genderqueer,87542 School Road,5.74.215.196
Arvy,Kilmartin,akilmartinfy@wsj.com,4/20/2020,Genderfluid,1984 Annamark Point,183.15.177.192
Bert,Le Noury,blenouryfz@ucoz.com,2/23/2020,Agender,13 Prentice Hill,105.217.88.205
Casandra,Birkett,cbirkettg0@opera.com,1/8/2021,Female,20 Moose Place,145.84.138.187
Darcey,Norsister,dnorsisterg1@qq.com,9/4/2020,Non-binary,37 Fairfield Point,238.206.163.116
Flint,Cosgriff,fcosgriffg2@over-blog.com,5/24/2020,Genderfluid,4 Caliangt Parkway,218.37.186.108
Cecilia,Shackleton,cshackletong3@devhub.com,4/25/2020,Bigender,0618 Washington Crossing,51.38.90.27
Perrine,Pownall,ppownallg4@printfriendly.com,10/25/2020,Polygender,51 Park Meadow Drive,239.109.75.163
Kim,Harmond,kharmondg5@washingtonpost.com,9/20/2020,Non-binary,24 Commercial Road,103.38.81.219
Leontyne,Plaice,lplaiceg6@tinyurl.com,11/6/2020,Genderqueer,44 La Follette Place,17.208.24.81
Fifi,Ofen,fofeng7@nifty.com,1/11/2021,Male,3937 Village Green Road,246.153.30.81
Rockwell,Caen,rcaeng8@alexa.com,3/28/2020,Female,8 Summit Circle,46.142.25.117
Kort,Knudsen,kknudseng9@moonfruit.com,5/10/2020,Genderfluid,6562 Monterey Crossing,32.8.173.242
Fanchon,Frewer,ffrewerga@networksolutions.com,2/27/2020,Male,35656 Kedzie Park,164.177.233.74
Millicent,Lethabridge,mlethabridgegb@hugedomains.com,12/24/2020,Female,68053 Manley Lane,210.104.130.20
Eleni,Hazlehurst,ehazlehurstgc@whitehouse.gov,6/21/2020,Bigender,5 Hayes Avenue,173.53.37.178
Drugi,Oxtoby,doxtobygd@tripod.com,3/7/2020,Agender,0264 Stuart Trail,59.193.238.33
Thorstein,Chiswell,tchiswellge@comcast.net,2/8/2020,Male,66 Heffernan Lane,106.105.154.82
Elsi,Benech,ebenechgf@sun.com,12/14/2020,Genderfluid,245 Portage Road,69.126.126.26
Norma,Grafham,ngrafhamgg@jalbum.net,4/4/2020,Polygender,7834 Ryan Street,107.55.58.155
Gabriel,Trusler,gtruslergh@yahoo.com,9/8/2020,Agender,53 Loomis Pass,55.57.92.4
Brendon,Forlong,bforlonggi@storify.com,4/12/2020,Genderfluid,71 Meadow Ridge Way,37.1.145.72
Merrilee,Gateman,mgatemangj@woothemes.com,10/12/2020,Non-binary,177 Fuller Parkway,155.41.113.43
Tye,Mulrenan,tmulrenangk@flickr.com,2/23/2020,Male,4 American Parkway,74.108.144.127
Cosmo,Iannini,cianninigl@newsvine.com,4/12/2020,Non-binary,41 Pine View Way,221.218.228.73
Cicely,Clarae,cclaraegm@skype.com,6/1/2020,Polygender,3001 Burrows Point,73.95.178.53
Miles,Cranton,mcrantongn@studiopress.com,5/21/2020,Male,7 Elgar Way,3.169.114.254
Carline,Voas,cvoasgo@wordpress.org,3/17/2020,Polygender,5844 Eggendart Point,124.108.156.127
Allianora,Castelluzzi,acastelluzzigp@amazon.co.jp,11/24/2020,Agender,420 Karstens Pass,36.58.117.78
Dulci,Ebsworth,debsworthgq@webs.com,8/3/2020,Genderfluid,5 Bayside Trail,174.250.215.25
Judas,Gerson,jgersongr@xinhuanet.com,3/4/2020,Female,0 Bluejay Street,179.138.139.5
Vivi,Wallwood,vwallwoodgs@spotify.com,9/19/2020,Bigender,5749 Schmedeman Circle,167.155.247.201
Neda,Grundell,ngrundellgt@engadget.com,12/21/2020,Genderfluid,2 Arrowood Street,11.52.148.148
Pru,De la Yglesia,pdelayglesiagu@bloglovin.com,10/22/2020,Agender,93 Stone Corner Pass,127.220.45.134
Veda,Lamswood,vlamswoodgv@icio.us,2/24/2020,Non-binary,7 Raven Avenue,36.7.241.103
Port,Jacox,pjacoxgw@altervista.org,1/29/2020,Agender,1220 Roth Pass,24.182.184.99
Nicolle,Cranney,ncranneygx@naver.com,5/8/2020,Female,44 Warbler Drive,55.41.84.107
Tucker,Courtenay,tcourtenaygy@1688.com,7/7/2020,Bigender,35435 Larry Hill,3.184.221.66
Sibbie,Kilfether,skilfethergz@bbc.co.uk,3/2/2020,Male,9724 Lighthouse Bay Court,52.157.174.66
Hadlee,Dingwall,hdingwallh0@psu.edu,9/5/2020,Bigender,9 Fieldstone Avenue,150.229.183.216
Noellyn,Foxcroft,nfoxcrofth1@globo.com,9/7/2020,Genderqueer,60848 Pine View Road,255.163.237.220
Leontine,Lidgate,llidgateh2@hao123.com,3/6/2020,Female,5623 Judy Park,8.134.19.25
Duane,O'Spellissey,dospellisseyh3@shareasale.com,12/10/2020,Agender,13 Claremont Center,43.73.164.47
Fred,Philpotts,fphilpottsh4@themeforest.net,11/19/2020,Bigender,056 Springview Center,8.152.211.170
Sherill,Hearnaman,shearnamanh5@bing.com,6/5/2020,Agender,2484 Rieder Pass,166.53.131.227
Wilt,Cochern,wcochernh6@squarespace.com,5/16/2020,Non-binary,846 Hooker Drive,148.8.58.58
Maure,Parris,mparrish7@pen.io,3/26/2020,Non-binary,50728 Oxford Junction,171.78.17.8
Adi,Urrey,aurreyh8@ebay.com,6/16/2020,Genderqueer,731 Summer Ridge Way,251.43.245.189
Rani,Frake,rfrakeh9@wisc.edu,9/29/2020,Polygender,8362 Sachtjen Center,199.107.59.167
Purcell,Milburne,pmilburneha@google.it,8/17/2020,Female,76274 Prairie Rose Center,150.21.229.226
Iorgos,McJarrow,imcjarrowhb@reddit.com,2/14/2020,Non-binary,497 Sauthoff Parkway,166.130.247.116
Aeriel,Crommett,acrommetthc@earthlink.net,9/7/2020,Bigender,9 Mccormick Plaza,202.72.78.153
Eva,Joul,ejoulhd@desdev.cn,11/19/2020,Agender,1 Union Point,103.58.182.121
Renaldo,Dewer,rdewerhe@nydailynews.com,5/14/2020,Female,037 Stoughton Alley,129.34.86.197
Lilly,Maddams,lmaddamshf@amazon.co.uk,3/2/2020,Male,56 Pennsylvania Alley,66.89.0.172
Sky,Rumgay,srumgayhg@paginegialle.it,6/10/2020,Agender,76279 Melby Terrace,25.142.226.68
La verne,Attack,lattackhh@domainmarket.com,7/21/2020,Bigender,15 Oneill Avenue,45.244.89.161
Rollins,Falcus,rfalcushi@weibo.com,6/27/2020,Genderfluid,9 Linden Alley,25.249.125.236
Emmalynn,Neath,eneathhj@bbc.co.uk,10/28/2020,Polygender,98987 Miller Alley,5.151.127.115
Charyl,Goffe,cgoffehk@ibm.com,11/2/2020,Bigender,629 Fremont Road,226.128.218.196
Remington,Panter,rpanterhl@hexun.com,1/5/2021,Genderqueer,80 Bonner Park,116.98.198.143
Tandie,Kitteman,tkittemanhm@xrea.com,9/19/2020,Genderfluid,678 Clove Plaza,118.63.225.212
Konstance,Mecco,kmeccohn@boston.com,10/26/2020,Polygender,781 Namekagon Alley,206.117.132.228
Maud,Trussler,mtrusslerho@github.io,3/29/2020,Female,97 Warner Trail,78.36.193.75
Maison,De Domenici,mdedomenicihp@bravesites.com,11/9/2020,Female,1 Dakota Drive,149.129.210.217
Damaris,Sultana,dsultanahq@cpanel.net,2/6/2020,Bigender,222 Division Trail,136.249.73.160
Chaddy,Minster,cminsterhr@archive.org,3/18/2020,Non-binary,440 Warbler Plaza,197.202.124.53
Prentiss,Adriano,padrianohs@ebay.com,5/5/2020,Non-binary,1 Bay Plaza,191.156.57.68
Oneida,Petschel,opetschelht@accuweather.com,8/20/2020,Non-binary,1333 Graedel Lane,113.219.75.134
Ferd,Coote,fcootehu@google.it,5/13/2020,Bigender,85366 Roxbury Alley,146.8.185.60
Ferrel,Linwood,flinwoodhv@devhub.com,12/15/2020,Genderfluid,942 Norway Maple Parkway,51.33.30.124
Netty,Spavins,nspavinshw@independent.co.uk,8/24/2020,Bigender,2568 Twin Pines Drive,99.24.243.113
Roshelle,MacMenemy,rmacmenemyhx@artisteer.com,7/25/2020,Bigender,43 Tennessee Way,33.91.207.207
Dora,Huggon,dhuggonhy@fema.gov,3/12/2020,Female,7728 Crest Line Pass,246.29.126.59
Sosanna,Haughan,shaughanhz@state.tx.us,6/13/2020,Non-binary,718 Transport Drive,112.241.177.194
Leroy,Orneles,lornelesi0@blinklist.com,1/5/2021,Non-binary,49 Debra Crossing,118.28.142.109
Ruthi,MacIlurick,rmaciluricki1@cdc.gov,10/5/2020,Female,0 Dwight Terrace,234.143.8.51
Shelly,Birchenough,sbirchenoughi2@ow.ly,4/24/2020,Polygender,32299 Tennessee Circle,215.91.160.126
Magdaia,Lochran,mlochrani3@freewebs.com,10/28/2020,Bigender,3804 Columbus Crossing,120.229.40.92
Elyssa,Lewsie,elewsiei4@sfgate.com,8/8/2020,Male,33625 Graceland Parkway,245.51.112.215
Vladamir,Habeshaw,vhabeshawi5@utexas.edu,11/6/2020,Genderqueer,2880 Mandrake Park,115.9.205.142
Farris,Owlner,fowlneri6@nbcnews.com,7/24/2020,Non-binary,82491 Scoville Place,110.170.202.104
Fairleigh,Puttan,fputtani7@senate.gov,1/20/2021,Genderfluid,97391 Pepper Wood Plaza,140.18.157.163
Nealson,Pringer,npringeri8@addthis.com,5/6/2020,Genderfluid,332 Upham Plaza,122.191.90.35
Genni,Dani,gdanii9@miibeian.gov.cn,5/16/2020,Genderfluid,4731 Prentice Circle,51.87.14.49
Fidelia,Rushman,frushmania@umich.edu,8/11/2020,Polygender,17386 Bartelt Trail,77.43.103.46
Halsy,Goodlud,hgoodludib@ftc.gov,12/15/2020,Polygender,271 Fuller Street,79.11.190.20
Nanni,Gommey,ngommeyic@ft.com,2/13/2020,Female,6964 Doe Crossing Junction,248.143.131.180
Meyer,Rosindill,mrosindillid@comsenz.com,2/11/2020,Genderfluid,05 Victoria Center,25.181.191.36
Abba,Arnal,aarnalie@slideshare.net,7/16/2020,Polygender,5413 Green Ridge Alley,137.147.21.186
Dorette,Pettipher,dpettipherif@mac.com,7/21/2020,Genderfluid,6 Express Avenue,212.67.85.200
Addi,Riach,ariachig@businessweek.com,7/29/2020,Agender,75 Northwestern Street,50.246.248.252
Kevin,Handscombe,khandscombeih@cornell.edu,10/7/2020,Male,536 Park Meadow Plaza,13.16.208.243
Fredi,Jelf,fjelfii@house.gov,8/28/2020,Genderqueer,30 Havey Crossing,238.148.152.225
Kassey,Folling,kfollingij@comsenz.com,3/27/2020,Genderqueer,37 Bowman Point,173.106.187.149
Rosmunda,Charrett,rcharrettik@toplist.cz,2/20/2020,Polygender,1 Lakeland Park,169.41.65.152
Dyana,Dimitriou,ddimitriouil@angelfire.com,3/22/2020,Polygender,560 Porter Circle,102.170.198.212
Prue,Janatka,pjanatkaim@washingtonpost.com,3/18/2020,Male,082 Charing Cross Plaza,57.173.10.18
Alyss,Titta,atittain@comsenz.com,6/14/2020,Genderqueer,79 Bobwhite Court,30.161.95.27
Moria,Van der Hoven,mvanderhovenio@csmonitor.com,12/14/2020,Genderqueer,0 Twin Pines Alley,160.222.222.30
Cheri,Nana,cnanaip@simplemachines.org,12/21/2020,Polygender,1680 Main Hill,149.102.108.13
Arabela,Tant,atantiq@issuu.com,6/26/2020,Male,4 Killdeer Terrace,177.79.152.225
Teador,Ughelli,tughelliir@desdev.cn,3/14/2020,Genderfluid,8 Doe Crossing Drive,139.53.209.1
Donnell,Wabersinke,dwabersinkeis@exblog.jp,8/28/2020,Male,5 Monterey Circle,147.142.152.205
Allissa,Edginton,aedgintonit@amazon.co.uk,3/17/2020,Genderfluid,0241 Arrowood Alley,136.56.204.7
Evaleen,Burnsides,eburnsidesiu@google.co.uk,11/30/2020,Bigender,10 Pleasure Hill,189.54.69.6
Lawton,Colcutt,lcolcuttiv@google.nl,1/26/2020,Non-binary,0053 Cottonwood Drive,2.128.247.240
Regine,McGourty,rmcgourtyiw@tripod.com,5/11/2020,Agender,77 Elgar Point,23.21.94.112
Ronnie,Greensitt,rgreensittix@github.com,3/11/2020,Female,3 Nevada Street,52.188.1.154
Norry,Woolens,nwoolensiy@is.gd,1/29/2020,Non-binary,4727 Mcguire Crossing,50.131.153.20
Emelia,Povey,epoveyiz@instagram.com,5/9/2020,Female,345 Pleasure Way,94.54.133.105
Edmund,Mulcock,emulcockj0@behance.net,2/18/2020,Genderqueer,6 Ridgeview Drive,46.75.35.163
Brett,Orris,borrisj1@mashable.com,6/11/2020,Agender,439 Lyons Court,13.232.88.192
Bonita,Brotherton,bbrothertonj2@yellowpages.com,10/22/2020,Agender,1 Prentice Drive,148.240.69.66
Austin,Broadhurst,abroadhurstj3@cnet.com,11/15/2020,Non-binary,0600 Lunder Way,229.44.82.203
Theobald,Woollons,twoollonsj4@360.cn,2/14/2020,Agender,57 Eastlawn Pass,213.59.252.35
Ronnie,Fouracres,rfouracresj5@rakuten.co.jp,1/16/2021,Bigender,2 Talisman Parkway,123.14.108.50
Garrick,Swarbrick,gswarbrickj6@instagram.com,8/24/2020,Agender,83933 Banding Circle,142.208.206.3
Beverlie,Oakenfull,boakenfullj7@e-recht24.de,8/15/2020,Genderfluid,9105 Golden Leaf Pass,221.64.168.21
Pepe,Gandley,pgandleyj8@wordpress.com,6/20/2020,Female,65 Hanover Avenue,34.233.8.152
Renault,Ponte,rpontej9@nasa.gov,8/12/2020,Polygender,813 Granby Parkway,226.32.97.236
Gillan,Gollard,ggollardja@ed.gov,8/15/2020,Bigender,10 Springview Street,208.147.5.135
Nessie,Hevey,nheveyjb@opera.com,5/28/2020,Non-binary,7585 Little Fleur Crossing,238.248.15.22
Bessy,Bearward,bbearwardjc@disqus.com,10/15/2020,Non-binary,61075 Mitchell Point,211.126.149.240
Theodosia,McCrossan,tmccrossanjd@diigo.com,12/26/2020,Agender,560 Hagan Center,9.50.35.164
Harlan,Rosenschein,hrosenscheinje@php.net,1/22/2021,Male,509 Muir Terrace,172.69.30.249
Noah,Espinola,nespinolajf@networkadvertising.org,9/26/2020,Non-binary,84 Randy Place,233.156.154.115
Rachel,Santo,rsantojg@dell.com,4/23/2020,Genderqueer,0 Dorton Way,164.162.40.110
Berta,Frude,bfrudejh@apple.com,12/1/2020,Non-binary,56422 Manufacturers Way,99.151.235.104
Laurena,Sturdgess,lsturdgessji@cargocollective.com,1/3/2021,Polygender,6 Miller Trail,200.99.181.94
Nicoli,Tite,ntitejj@plala.or.jp,12/29/2020,Genderqueer,0534 Crescent Oaks Trail,119.65.168.46
Lotta,Iannazzi,liannazzijk@youtube.com,1/26/2020,Non-binary,86 Park Meadow Terrace,44.170.21.203
Dalenna,Orgee,dorgeejl@angelfire.com,10/25/2020,Agender,19 Bluestem Way,166.115.134.226
Thain,Sawtell,tsawtelljm@cyberchimps.com,10/16/2020,Male,54472 Corben Plaza,64.131.156.84
Ashely,Lowin,alowinjn@indiatimes.com,4/2/2020,Female,0 Surrey Parkway,233.51.119.101
Hettie,Polland,hpollandjo@digg.com,2/15/2020,Genderfluid,9852 Mayfield Street,143.171.146.216
Florie,Bleything,fbleythingjp@google.pl,8/13/2020,Non-binary,7 Grover Alley,132.51.177.182
Karmen,Braganza,kbraganzajq@feedburner.com,7/18/2020,Genderqueer,4993 Sullivan Place,119.89.124.252
Linea,Finders,lfindersjr@biblegateway.com,6/11/2020,Genderqueer,19920 Randy Park,212.196.223.128
Mandel,Bellini,mbellinijs@chronoengine.com,1/25/2021,Polygender,2932 Ilene Drive,160.64.86.8
Heather,Delf,hdelfjt@cisco.com,11/29/2020,Male,8 Stang Street,237.248.176.215
Danielle,Oakley,doakleyju@youtube.com,8/14/2020,Polygender,234 Fieldstone Terrace,67.244.176.24
Jozef,Hourihan,jhourihanjv@illinois.edu,1/22/2021,Genderqueer,43 Lyons Terrace,134.129.10.83
Justine,Hallows,jhallowsjw@hao123.com,5/22/2020,Female,831 Glendale Circle,109.127.37.22
Robinet,Burling,rburlingjx@yandex.ru,12/7/2020,Polygender,28 Prairieview Road,188.196.163.82
Marylin,Avon,mavonjy@blogger.com,2/27/2020,Male,2234 Orin Street,176.97.100.152
Sofia,McCrea,smccreajz@plala.or.jp,8/9/2020,Genderqueer,07401 Rusk Park,183.53.63.131
Cori,Spain-Gower,cspaingowerk0@webmd.com,5/19/2020,Female,162 Comanche Place,129.137.162.60
Ninnetta,Matterdace,nmatterdacek1@yelp.com,12/17/2020,Genderfluid,4 South Road,84.170.123.120
Robby,Crookes,rcrookesk2@house.gov,1/22/2021,Female,08519 Ridgeway Plaza,231.87.29.102
Gail,Fynes,gfynesk3@xinhuanet.com,8/14/2020,Genderfluid,96360 Schmedeman Place,205.121.222.103
Israel,Peele,ipeelek4@princeton.edu,5/12/2020,Agender,36 North Street,182.175.193.83
Amandy,Kamenar,akamenark5@ezinearticles.com,4/10/2020,Agender,7 Cordelia Alley,127.88.169.60
Marlo,Fosten,mfostenk6@techcrunch.com,7/17/2020,Agender,02 Farragut Circle,95.219.57.79
Stefan,Clingoe,sclingoek7@paypal.com,8/3/2020,Female,076 Myrtle Place,240.134.4.9
Maren,Balchin,mbalchink8@ameblo.jp,9/19/2020,Polygender,1 Doe Crossing Way,71.248.30.221
Dorita,Stetlye,dstetlyek9@goo.ne.jp,10/11/2020,Genderfluid,40160 Messerschmidt Terrace,70.37.30.162
Archibold,Alpine,aalpineka@freewebs.com,4/11/2020,Genderqueer,9612 Thackeray Avenue,211.192.159.95
Glennis,Cowin,gcowinkb@bravesites.com,2/29/2020,Bigender,27 Bay Junction,231.156.70.117
Scotty,Kobiera,skobierakc@blog.com,3/26/2020,Bigender,06422 Troy Way,201.50.173.79
Konstantine,Ricoald,kricoaldkd@archive.org,7/8/2020,Genderfluid,6691 Oxford Circle,166.43.230.162
Thorndike,Persence,tpersenceke@unc.edu,2/19/2020,Bigender,6433 Pearson Alley,249.130.1.146
Ingaberg,Hamfleet,ihamfleetkf@zdnet.com,3/20/2020,Genderfluid,5647 Buell Way,51.23.187.203
Griselda,Boydle,gboydlekg@networksolutions.com,9/22/2020,Non-binary,1 Algoma Terrace,237.138.245.97
Katya,Walton,kwaltonkh@wordpress.com,9/2/2020,Genderfluid,193 Manley Place,68.34.37.80
Dollie,Kemer,dkemerki@cam.ac.uk,5/21/2020,Polygender,29 Talmadge Center,142.149.22.188
Addi,Verey,avereykj@prnewswire.com,9/8/2020,Bigender,77409 Packers Court,226.228.62.5
Evangelin,Panting,epantingkk@storify.com,12/18/2020,Polygender,365 Shoshone Way,55.226.47.34
Laurie,Westrip,lwestripkl@ovh.net,9/14/2020,Genderfluid,162 Nancy Place,108.63.185.228
Perla,Bogart,pbogartkm@bigcartel.com,12/18/2020,Genderfluid,0719 Northport Way,198.199.130.242
Dominik,Ochiltree,dochiltreekn@nydailynews.com,4/5/2020,Agender,86 Sunbrook Point,207.117.30.157
Renate,Hazlewood,rhazlewoodko@bbb.org,6/18/2020,Agender,0 Straubel Drive,93.175.135.237
Towny,Haythorne,thaythornekp@google.cn,1/12/2021,Non-binary,37177 Summer Ridge Court,94.235.163.121
Adiana,Heaphy,aheaphykq@sohu.com,11/4/2020,Female,520 Del Sol Center,43.78.84.1
Virgil,Camellini,vcamellinikr@drupal.org,7/10/2020,Bigender,224 Washington Road,120.78.176.98
Arman,Mapson,amapsonks@boston.com,4/13/2020,Genderfluid,4 Maryland Court,118.117.193.49
Sabra,Trimming,strimmingkt@sohu.com,11/17/2020,Genderfluid,8 Eastlawn Pass,110.8.72.71
Bettye,Clarridge,bclarridgeku@irs.gov,1/2/2021,Female,39 Northridge Street,101.23.141.9
Shandeigh,Deeming,sdeemingkv@addthis.com,7/14/2020,Female,250 Pawling Court,35.100.50.228
Koenraad,Hammell,khammellkw@noaa.gov,9/16/2020,Genderfluid,30659 Sherman Road,62.40.125.166
Alexine,Eason,aeasonkx@wisc.edu,9/19/2020,Female,99 Sauthoff Circle,217.238.47.24
Barr,Rodliff,brodliffky@illinois.edu,7/6/2020,Genderqueer,59807 Gale Way,22.175.128.87
Clemmie,Dallicott,cdallicottkz@ucla.edu,9/29/2020,Non-binary,946 Carpenter Hill,18.193.235.231
Priscilla,Holehouse,pholehousel0@washingtonpost.com,10/5/2020,Bigender,3358 Elka Circle,132.213.230.123
Syd,Wilkins,swilkinsl1@elegantthemes.com,1/21/2021,Female,726 Banding Court,77.154.128.21
Edith,Emery,eemeryl2@aol.com,11/4/2020,Male,17463 Hoard Trail,53.35.116.68
Benson,Lufkin,blufkinl3@soup.io,8/26/2020,Polygender,72866 Upham Place,42.200.91.135
Theadora,Flowitt,tflowittl4@barnesandnoble.com,10/29/2020,Agender,3561 Jenna Center,178.190.125.53
Casandra,Vellden,cvelldenl5@omniture.com,10/19/2020,Male,68776 Scofield Lane,36.94.153.217
Karalynn,Juleff,kjuleffl6@slashdot.org,7/8/2020,Female,55 Hermina Street,246.129.195.244
Sonny,Attwooll,sattwoolll7@alexa.com,11/17/2020,Polygender,78830 Monument Street,155.161.66.6
Max,Normadell,mnormadelll8@whitehouse.gov,2/6/2020,Genderqueer,0003 Scott Terrace,41.176.159.171
Cordelia,Draaisma,cdraaismal9@quantcast.com,11/5/2020,Male,396 Banding Crossing,208.94.44.185
Kurt,Cucinotta,kcucinottala@noaa.gov,3/28/2020,Female,94307 Oak Valley Trail,188.140.228.39
Bert,Roullier,broullierlb@discovery.com,7/19/2020,Genderfluid,4609 Tennessee Point,246.0.55.160
Kristal,Spittall,kspittalllc@epa.gov,4/16/2020,Genderfluid,24156 Bashford Court,255.169.6.204
Tabbatha,Bewicke,tbewickeld@creativecommons.org,8/30/2020,Genderqueer,4192 Mosinee Center,129.227.250.126
Toddie,Pollendine,tpollendinele@cdbaby.com,10/10/2020,Male,2922 Forster Circle,234.181.89.197
Seka,Karlolak,skarlolaklf@theatlantic.com,11/9/2020,Non-binary,9786 Ridge Oak Road,97.146.128.225
Julianna,Farmloe,jfarmloelg@miitbeian.gov.cn,10/31/2020,Male,33312 Dunning Street,54.50.173.57
Dionisio,Cruft,dcruftlh@army.mil,5/1/2020,Genderqueer,44 John Wall Plaza,128.212.101.103
Orran,McAtamney,omcatamneyli@wsj.com,11/3/2020,Genderfluid,3 Lindbergh Junction,230.104.137.96
Lari,Fawdery,lfawderylj@independent.co.uk,12/21/2020,Male,6 Manitowish Pass,6.216.31.38
Giulia,Quiddington,gquiddingtonlk@geocities.jp,11/29/2020,Non-binary,74577 Sunbrook Point,193.178.129.155
Adriane,Asee,aaseell@sohu.com,3/23/2020,Genderfluid,2321 Schurz Road,0.236.9.206
Haleigh,Ollis,hollislm@oracle.com,9/9/2020,Male,75 Larry Park,121.216.211.119
Lindsey,Jonke,ljonkeln@ca.gov,7/11/2020,Agender,87 Brown Road,99.18.24.189
Elfreda,Varker,evarkerlo@webs.com,12/13/2020,Non-binary,98 Ohio Terrace,246.143.150.69
Della,Francescoccio,dfrancescocciolp@gizmodo.com,3/2/2020,Agender,118 Springview Junction,197.182.12.78
Morena,Hanson,mhansonlq@cbsnews.com,5/30/2020,Genderqueer,1367 Lawn Center,106.146.83.163
Jacky,Pitkin,jpitkinlr@geocities.jp,4/10/2020,Female,24685 Ramsey Alley,39.228.247.41
Janice,Amber,jamberls@cbsnews.com,4/12/2020,Agender,19 Stuart Alley,228.173.118.125
Laurent,Hamlet,lhamletlt@google.com.br,10/24/2020,Genderqueer,37 Maple Wood Street,122.72.160.49
Angelika,Noddings,anoddingslu@patch.com,11/21/2020,Agender,3 Londonderry Parkway,58.175.238.140
Mireielle,Vowels,mvowelslv@uiuc.edu,12/27/2020,Genderqueer,6 Golf Course Pass,81.225.89.39
Moore,O'Doghesty,modoghestylw@google.com,8/14/2020,Genderfluid,621 Susan Parkway,164.3.4.129
Britt,Kennally,bkennallylx@blogtalkradio.com,2/22/2020,Agender,459 Holmberg Alley,171.34.250.169
Katey,Gilbert,kgilbertly@reddit.com,3/10/2020,Female,328 Dwight Avenue,176.241.138.136
Clim,Cherrett,ccherrettlz@answers.com,12/26/2020,Bigender,63737 Lakewood Center,155.70.25.131
Karney,McGuigan,kmcguiganm0@ameblo.jp,2/27/2020,Non-binary,2 Miller Road,133.122.126.219
Sabina,Sline,sslinem1@ucla.edu,6/16/2020,Agender,9 Glendale Crossing,12.247.6.252
Janel,Conklin,jconklinm2@i2i.jp,8/27/2020,Female,8329 Nobel Trail,194.139.63.178
Skippy,Huie,shuiem3@cbc.ca,7/9/2020,Non-binary,60 Sommers Avenue,219.44.147.163
Obadiah,Kwiek,okwiekm4@tinyurl.com,10/6/2020,Agender,19373 Farmco Parkway,137.17.86.9
Bo,Dawks,bdawksm5@51.la,6/18/2020,Genderfluid,1 Golf Junction,60.9.82.26
Elsi,Gillford,egillfordm6@liveinternet.ru,8/17/2020,Non-binary,6 Stuart Terrace,119.168.138.183
Laurice,Demke,ldemkem7@virginia.edu,11/4/2020,Genderfluid,7 Memorial Plaza,28.3.12.166
Catherina,Padkin,cpadkinm8@scribd.com,8/14/2020,Genderqueer,388 Montana Hill,125.58.80.39
Ingmar,Plumridege,iplumridegem9@ebay.com,3/14/2020,Agender,85043 American Trail,172.123.152.19
Manfred,Dempster,mdempsterma@ning.com,6/20/2020,Genderfluid,5 Banding Road,36.112.116.144
Collie,Clemerson,cclemersonmb@comcast.net,7/21/2020,Male,489 Tennessee Center,164.232.140.45
Guss,Westhead,gwestheadmc@vk.com,2/28/2020,Male,372 Jackson Terrace,12.186.223.161
Sinclare,Hanstock,shanstockmd@networkadvertising.org,1/26/2020,Non-binary,6 Packers Center,150.152.68.226
Silva,Breddy,sbreddyme@blogger.com,10/11/2020,Genderfluid,9 Hayes Center,142.14.138.183
Israel,Dobson,idobsonmf@reference.com,10/14/2020,Polygender,1 Gateway Parkway,93.115.240.209
Elmore,Anstey,eansteymg@liveinternet.ru,10/5/2020,Male,2 Thompson Terrace,151.17.166.155
Julee,Varran,jvarranmh@dion.ne.jp,5/12/2020,Polygender,17 Chive Plaza,31.34.199.31
Brigitta,Febvre,bfebvremi@goodreads.com,11/29/2020,Female,5569 Blaine Avenue,124.236.243.71
Montague,Kedslie,mkedsliemj@drupal.org,11/13/2020,Genderqueer,17 Russell Place,73.96.98.230
Richard,Glanert,rglanertmk@nyu.edu,6/9/2020,Polygender,39 Autumn Leaf Place,226.198.253.245
Janice,Hearne,jhearneml@xing.com,4/30/2020,Genderqueer,016 Springview Street,71.214.37.165
Bobbee,Crasswell,bcrasswellmm@google.es,10/28/2020,Male,16480 Farmco Road,101.126.244.232
Hollyanne,Henworth,hhenworthmn@smh.com.au,4/4/2020,Bigender,519 Lukken Street,247.110.192.208
Nikolaos,Fearn,nfearnmo@github.com,12/14/2020,Non-binary,64 Killdeer Court,232.113.248.65
Greggory,Caldwall,gcaldwallmp@ibm.com,12/31/2020,Polygender,19 Holmberg Road,142.85.78.170
Artur,Beaston,abeastonmq@tiny.cc,8/10/2020,Polygender,415 Comanche Drive,232.176.233.22
Cornelius,Stolting,cstoltingmr@sphinn.com,12/21/2020,Non-binary,16 Carioca Street,85.208.48.207
Evelin,Feld,efeldms@slate.com,7/14/2020,Non-binary,313 Welch Parkway,72.132.23.200
Zechariah,Grzeszczyk,zgrzeszczykmt@imgur.com,9/27/2020,Agender,313 Thompson Park,229.14.40.250
Johannah,Golton,jgoltonmu@noaa.gov,9/13/2020,Polygender,0 Sloan Trail,245.44.59.93
Elias,Mountstephen,emountstephenmv@adobe.com,12/29/2020,Agender,3180 Cardinal Road,20.224.63.93
Rhett,Fendley,rfendleymw@npr.org,12/11/2020,Genderqueer,543 Meadow Ridge Place,38.143.171.1
Violante,Healings,vhealingsmx@dedecms.com,1/3/2021,Polygender,8255 Lillian Circle,64.2.140.71
Milissent,Buterton,mbutertonmy@cdc.gov,12/27/2020,Male,0 Straubel Park,126.189.177.24
Orland,Balsdon,obalsdonmz@weibo.com,5/25/2020,Female,598 Hoard Court,141.88.23.24
Sal,Switsur,sswitsurn0@feedburner.com,10/11/2020,Genderqueer,26 John Wall Park,146.207.189.32
Veradis,Santen,vsantenn1@howstuffworks.com,1/3/2021,Agender,9063 Atwood Court,90.177.237.169
Iorgos,Jakuszewski,ijakuszewskin2@surveymonkey.com,9/19/2020,Female,01 Forest Dale Circle,126.59.170.166
Gery,Kleinpeltz,gkleinpeltzn3@dion.ne.jp,5/20/2020,Non-binary,5 Elka Street,154.98.5.43
Nolan,Ronald,nronaldn4@cafepress.com,6/3/2020,Agender,9 Oak Street,131.131.40.224
Mohammed,Allright,mallrightn5@ox.ac.uk,4/5/2020,Male,292 Dovetail Crossing,152.171.83.229
Carree,Minghella,cminghellan6@mtv.com,6/28/2020,Genderfluid,74 Hayes Court,222.245.79.114
Ciro,Allett,callettn7@huffingtonpost.com,12/7/2020,Male,4 Meadow Valley Pass,6.77.219.90
Borden,Pyatt,bpyattn8@taobao.com,8/1/2020,Male,2819 Butternut Terrace,104.136.35.235
Kane,Gowlett,kgowlettn9@hao123.com,3/6/2020,Agender,616 Gateway Lane,98.164.181.176
Dorree,Slimon,dslimonna@jugem.jp,6/11/2020,Female,52088 Myrtle Drive,108.27.141.50
Cynthea,Norvill,cnorvillnb@slideshare.net,5/16/2020,Bigender,2787 Gale Point,63.247.146.64
Vale,Dragge,vdraggenc@mail.ru,12/6/2020,Male,45173 Veith Parkway,117.98.63.96
Armand,Sharp,asharpnd@ted.com,5/13/2020,Genderfluid,81271 Fallview Point,202.130.146.222
Fleurette,Greatham,fgreathamne@comcast.net,10/4/2020,Non-binary,8 Karstens Drive,38.85.229.246
Myrtice,Croy,mcroynf@is.gd,8/23/2020,Agender,0 Del Mar Pass,75.171.176.84
Sibyl,Tincombe,stincombeng@techcrunch.com,10/23/2020,Male,6 Donald Alley,8.155.10.131
Sarajane,Topley,stopleynh@china.com.cn,11/3/2020,Female,4100 Nancy Place,246.221.133.103
Grover,McIlwraith,gmcilwraithni@hud.gov,4/27/2020,Polygender,961 Stone Corner Circle,138.244.69.3
Zeke,Skitch,zskitchnj@cbslocal.com,7/2/2020,Genderfluid,84 Lerdahl Way,9.91.180.227
Perl,Twede,ptwedenk@hao123.com,12/17/2020,Male,05 Redwing Drive,25.114.27.197
Jobyna,Wainscoat,jwainscoatnl@barnesandnoble.com,6/19/2020,Bigender,6355 Badeau Hill,198.201.19.23
Fina,Wolverson,fwolversonnm@sitemeter.com,6/18/2020,Genderqueer,439 Ruskin Hill,160.92.202.245
Bobine,Hackley,bhackleynn@symantec.com,1/23/2021,Bigender,6431 Heath Drive,227.225.14.112
Gracia,Wimpenny,gwimpennyno@wikispaces.com,5/7/2020,Agender,5 Melrose Drive,79.21.176.9
Madlen,Boothebie,mboothebienp@discuz.net,11/19/2020,Genderqueer,4494 Anthes Drive,93.20.211.36
Johan,Lawley,jlawleynq@gravatar.com,6/20/2020,Genderfluid,314 Reinke Avenue,196.163.135.113
Gardner,Ephgrave,gephgravenr@ucoz.ru,9/15/2020,Bigender,246 Trailsway Point,253.244.3.57
Arte,Iwanczyk,aiwanczykns@hc360.com,4/12/2020,Non-binary,88457 Barnett Avenue,205.52.121.124
Rosalinde,Last,rlastnt@dmoz.org,1/30/2020,Genderqueer,93836 Bunting Avenue,143.169.0.80
Fritz,Easey,feaseynu@linkedin.com,1/1/2021,Polygender,6 8th Place,35.210.172.60
Roma,Gurry,rgurrynv@cyberchimps.com,7/13/2020,Female,37 Lotheville Center,193.81.38.145
Cal,Butt,cbuttnw@cpanel.net,3/24/2020,Male,002 Spohn Street,39.158.94.206
Aurelea,Dyhouse,adyhousenx@mapy.cz,12/24/2020,Non-binary,18 Merrick Lane,142.188.170.142
Jaquelin,Tourville,jtourvilleny@mail.ru,2/13/2020,Male,830 Graceland Terrace,220.253.94.160
Romeo,Patrone,rpatronenz@unicef.org,1/26/2020,Genderfluid,45578 Rigney Parkway,155.35.63.16
Hurlee,Garrie,hgarrieo0@g.co,4/12/2020,Polygender,4147 Scofield Road,11.151.134.157
Meggi,Cristofori,mcristoforio1@auda.org.au,6/11/2020,Genderqueer,617 Westend Trail,101.50.186.175
Fara,Richarz,fricharzo2@xing.com,11/8/2020,Polygender,6 Melvin Drive,50.250.169.9
Binni,Bavister,bbavistero3@chronoengine.com,3/1/2020,Polygender,8 Shoshone Park,13.178.227.191
Hinda,Philo,hphiloo4@state.tx.us,4/8/2020,Polygender,305 Gina Way,94.246.243.13
Georgiana,Keating,gkeatingo5@mapquest.com,11/21/2020,Male,3352 Vernon Pass,176.136.204.23
Mady,Struis,mstruiso6@woothemes.com,5/20/2020,Genderqueer,08 Tennessee Pass,202.30.1.71
Chauncey,Cornelleau,ccornelleauo7@telegraph.co.uk,6/26/2020,Genderqueer,1381 Loeprich Way,51.99.25.67
Tulley,Janaud,tjanaudo8@comsenz.com,6/3/2020,Genderfluid,554 Loomis Point,19.60.158.123
Dallas,Cleever,dcleevero9@tripadvisor.com,1/5/2021,Non-binary,44 Old Shore Plaza,111.80.135.136
Gregorio,Guidera,gguideraoa@feedburner.com,1/23/2021,Genderfluid,88 Victoria Trail,59.70.108.11
Caye,Cote,ccoteob@redcross.org,4/16/2020,Genderfluid,2 Oak Valley Avenue,166.227.176.6
Paige,Hecks,phecksoc@alexa.com,9/9/2020,Polygender,6 Derek Court,8.249.129.142
Katharyn,Cherry,kcherryod@yale.edu,1/31/2020,Genderqueer,87658 Comanche Terrace,133.75.122.76
Andy,McKeating,amckeatingoe@yellowpages.com,4/17/2020,Agender,23627 Green Lane,217.216.123.8
Imogen,Bleaden,ibleadenof@webeden.co.uk,5/24/2020,Genderfluid,41576 Milwaukee Drive,72.149.216.119
Domeniga,Le Ball,dleballog@un.org,11/5/2020,Female,06 Hagan Parkway,221.61.71.226
Alwin,Lockyer,alockyeroh@i2i.jp,5/28/2020,Polygender,9486 Anthes Lane,16.105.147.229
Greta,Okenfold,gokenfoldoi@a8.net,1/6/2021,Agender,0400 Milwaukee Drive,193.250.152.100
Riley,Dann,rdannoj@jimdo.com,6/19/2020,Male,44098 Ohio Parkway,240.170.152.199
Uta,Le Blanc,uleblancok@adobe.com,12/28/2020,Female,710 Commercial Place,75.37.202.46
Cash,Gergler,cgerglerol@yandex.ru,12/14/2020,Female,287 Arkansas Avenue,199.95.226.169
Guntar,Bratchell,gbratchellom@nymag.com,8/10/2020,Genderfluid,14 Portage Avenue,170.96.150.101
Hal,D'Acth,hdacthon@studiopress.com,4/6/2020,Non-binary,40087 Barby Center,220.180.184.49
Genevra,Crippell,gcrippelloo@a8.net,1/29/2020,Male,32 Sherman Hill,240.129.198.2
Artemas,Itzcovich,aitzcovichop@vistaprint.com,1/21/2021,Non-binary,590 Lighthouse Bay Way,37.16.81.7
Stephanie,Hansed,shansedoq@rediff.com,10/30/2020,Genderfluid,01644 Pierstorff Trail,187.139.206.184
Charmane,Broxholme,cbroxholmeor@freewebs.com,4/30/2020,Female,649 Ryan Plaza,69.164.116.163
Ewan,McKinna,emckinnaos@jalbum.net,9/20/2020,Genderfluid,5 Express Hill,184.217.180.46
Erna,Shelly,eshellyot@timesonline.co.uk,5/19/2020,Non-binary,21 Nancy Hill,237.166.137.81
Jorgan,Kubat,jkubatou@is.gd,9/20/2020,Male,24 Cardinal Place,228.125.156.135
Diana,Derwin,dderwinov@msu.edu,11/14/2020,Female,49 Acker Street,245.197.222.124
Brooke,Teall,bteallow@unesco.org,3/21/2020,Non-binary,85100 Darwin Center,58.248.159.186
Cortie,Wigin,cwiginox@walmart.com,8/21/2020,Female,7 Straubel Plaza,91.108.125.150
Jamesy,Redfield,jredfieldoy@yahoo.co.jp,11/13/2020,Non-binary,3997 Nobel Parkway,55.134.59.228
Casi,Crasswell,ccrasswelloz@yahoo.com,11/25/2020,Genderqueer,8114 Grim Crossing,44.227.145.217
Gordon,Gormally,ggormallyp0@indiatimes.com,11/13/2020,Genderqueer,9189 Raven Crossing,83.210.30.235
Loy,Terrett,lterrettp1@soundcloud.com,3/29/2020,Non-binary,55 Grim Hill,129.231.28.134
Rabi,Peal,rpealp2@goodreads.com,7/26/2020,Genderqueer,221 Twin Pines Park,141.230.86.15
Arlin,Skentelbery,askentelberyp3@people.com.cn,10/6/2020,Genderqueer,5566 Schmedeman Park,82.190.191.205
Jemmie,Grolle,jgrollep4@mysql.com,3/12/2020,Bigender,033 Esker Park,82.80.42.191
Vivien,Brunnen,vbrunnenp5@vk.com,6/16/2020,Genderqueer,1 Grasskamp Parkway,248.129.87.37
Dani,Maasz,dmaaszp6@chron.com,10/24/2020,Agender,23 Kennedy Pass,59.132.139.152
Muriel,Matusiak,mmatusiakp7@altervista.org,2/18/2020,Genderfluid,44841 Little Fleur Place,2.7.76.32
Darin,M'Chirrie,dmchirriep8@elpais.com,4/25/2020,Bigender,59 Londonderry Crossing,250.53.170.245
Gabriel,Kettridge,gkettridgep9@sciencedaily.com,10/3/2020,Genderfluid,2269 Granby Place,176.204.158.73
Eduino,Downing,edowningpa@elegantthemes.com,7/19/2020,Male,19 Petterle Lane,121.255.238.117
Dolly,Vakhonin,dvakhoninpb@about.me,10/22/2020,Male,63419 Gulseth Drive,71.148.31.218
Manuel,Mantram,mmantrampc@aol.com,12/18/2020,Genderfluid,4 Straubel Trail,31.63.105.53
Min,Marrable,mmarrablepd@statcounter.com,3/15/2020,Polygender,4 Rowland Lane,220.46.114.241
Jolee,Keasley,jkeasleype@eventbrite.com,8/18/2020,Genderqueer,8 Crescent Oaks Lane,20.240.140.131
Vinson,Duddle,vduddlepf@etsy.com,11/1/2020,Non-binary,217 Hallows Trail,224.241.187.164
Perle,MacLeese,pmacleesepg@comcast.net,3/24/2020,Agender,722 Pine View Avenue,197.78.163.39
Joby,Abramson,jabramsonph@parallels.com,7/24/2020,Non-binary,20 Melvin Way,87.170.163.119
Killie,Simner,ksimnerpi@geocities.jp,10/18/2020,Polygender,99746 Clemons Drive,140.116.150.51
Perceval,Zeplin,pzeplinpj@mashable.com,1/24/2021,Non-binary,1484 Lindbergh Plaza,250.144.240.48
Abbe,Cornwall,acornwallpk@yellowpages.com,10/31/2020,Male,9105 Fieldstone Trail,155.181.138.138
Fitz,Morritt,fmorrittpl@kickstarter.com,11/17/2020,Non-binary,7914 Fuller Pass,93.236.141.253
Lark,Antonazzi,lantonazzipm@histats.com,12/26/2020,Non-binary,78 Schiller Place,170.5.68.176
Jay,Leversuch,jleversuchpn@virginia.edu,6/16/2020,Agender,20 Huxley Parkway,222.142.32.22
Rikki,McLachlan,rmclachlanpo@zimbio.com,7/28/2020,Non-binary,11451 Cardinal Drive,232.166.217.64
Cookie,Sliman,cslimanpp@linkedin.com,3/24/2020,Non-binary,966 Drewry Alley,235.193.245.234
Carolynn,Boutcher,cboutcherpq@woothemes.com,2/11/2020,Genderqueer,83296 Westridge Plaza,15.198.69.77
Erminie,Keays,ekeayspr@youtube.com,11/11/2020,Genderfluid,61137 Parkside Hill,119.52.115.116
Dilan,Loraine,dloraineps@icq.com,8/28/2020,Agender,79 Mayfield Center,132.226.209.50
Jamey,Balazin,jbalazinpt@aol.com,5/26/2020,Female,318 Lukken Drive,42.129.147.120
Rubina,Fencott,rfencottpu@ucsd.edu,4/9/2020,Female,88390 Oneill Pass,99.254.14.222
Poppy,Pilgram,ppilgrampv@arizona.edu,9/15/2020,Female,2 Forster Street,94.111.69.165
Jessamyn,Beamson,jbeamsonpw@indiatimes.com,4/28/2020,Agender,193 Bellgrove Pass,236.141.32.145
Esmaria,Reis,ereispx@businessweek.com,3/8/2020,Female,4 Sheridan Trail,100.190.207.50
Arabele,Parrot,aparrotpy@ask.com,6/18/2020,Bigender,9542 Blackbird Place,31.254.214.82
Gerri,Jest,gjestpz@squarespace.com,9/14/2020,Female,3 Melby Drive,52.162.45.180
Jemmy,Christophersen,jchristophersenq0@com.com,1/15/2021,Polygender,26 Pennsylvania Junction,111.101.208.106
Yule,Celloni,ycelloniq1@theatlantic.com,1/18/2021,Agender,77 Bellgrove Circle,155.13.242.18
Deni,Josefsohn,djosefsohnq2@deviantart.com,7/8/2020,Female,74 Clove Terrace,73.152.253.102
Junie,Foakes,jfoakesq3@sogou.com,9/2/2020,Bigender,096 Porter Parkway,36.47.162.135
Kristoforo,Coopman,kcoopmanq4@mashable.com,7/29/2020,Female,7 Toban Circle,18.224.92.119
Debra,Baston,dbastonq5@hibu.com,11/29/2020,Polygender,57640 Sachtjen Street,114.53.146.235
Ogdan,Tarling,otarlingq6@foxnews.com,10/13/2020,Bigender,035 Hermina Parkway,29.194.51.228
Maiga,Gourley,mgourleyq7@php.net,1/23/2021,Non-binary,97 Montana Junction,124.122.18.130
Percy,Brammar,pbrammarq8@wix.com,7/29/2020,Non-binary,4199 Scott Road,81.218.236.109
Lynnelle,Kliner,lklinerq9@walmart.com,5/29/2020,Agender,3191 Crownhardt Center,210.144.75.29
Jimmie,Asquith,jasquithqa@livejournal.com,8/7/2020,Male,265 Dixon Junction,191.59.242.107
Karlotte,Edger,kedgerqb@apple.com,12/13/2020,Genderfluid,078 Raven Trail,48.109.163.150
Terrel,Annear,tannearqc@printfriendly.com,8/17/2020,Genderfluid,9 Bobwhite Parkway,241.127.223.25
Farrell,Cella,fcellaqd@army.mil,12/28/2020,Male,43 Kinsman Lane,45.29.9.116
Corrinne,Hugonet,chugonetqe@t.co,12/11/2020,Agender,4007 Nelson Pass,65.233.64.103
Winifield,Bark,wbarkqf@ca.gov,5/2/2020,Male,9 Sloan Drive,37.167.150.190
Darby,Clues,dcluesqg@ow.ly,6/18/2020,Polygender,25 Mcguire Alley,140.72.97.131
Emmy,Jordeson,ejordesonqh@usatoday.com,1/5/2021,Agender,5997 Del Mar Court,218.119.114.25
Larina,Methley,lmethleyqi@cloudflare.com,4/17/2020,Non-binary,42 Cordelia Drive,87.52.217.26
Skippie,Dunsleve,sdunsleveqj@fema.gov,10/6/2020,Genderqueer,52712 Arapahoe Street,215.136.152.175
Stephani,Butchard,sbutchardqk@t.co,5/31/2020,Non-binary,6983 Graceland Trail,65.11.3.211
Cchaddie,Lawlee,clawleeql@tumblr.com,5/29/2020,Genderqueer,612 Maryland Trail,10.237.196.47
Gretchen,Tomley,gtomleyqm@vistaprint.com,3/30/2020,Genderqueer,3231 Meadow Ridge Place,225.156.159.41
Hunt,Gritsunov,hgritsunovqn@loc.gov,1/8/2021,Male,98 Debra Trail,208.31.226.121
Sutherland,Culley,sculleyqo@toplist.cz,2/27/2020,Polygender,10 Burning Wood Street,116.191.192.116
Milty,Drinkhall,mdrinkhallqp@a8.net,2/25/2020,Genderfluid,70 Oneill Avenue,229.17.87.171
Emmott,Tavner,etavnerqq@wordpress.com,1/19/2021,Bigender,87 Springview Point,240.40.125.121
Kassi,Lesurf,klesurfqr@yale.edu,8/14/2020,Male,359 Pine View Crossing,43.33.37.236
Spencer,Schubbert,sschubbertqs@shop-pro.jp,5/22/2020,Female,583 Fuller Drive,77.235.82.135
Trevor,Lode,tlodeqt@google.ca,1/11/2021,Agender,6 Bowman Park,206.72.147.212
Yves,Handley,yhandleyqu@sohu.com,9/3/2020,Genderfluid,5 Ilene Pass,254.14.161.2
Hynda,Sullivan,hsullivanqv@businessinsider.com,9/29/2020,Agender,71190 Meadow Ridge Way,182.96.112.108
Clare,Carradice,ccarradiceqw@intel.com,9/12/2020,Genderfluid,15790 Kennedy Trail,147.249.30.9
Gordie,Spawforth,gspawforthqx@irs.gov,7/10/2020,Polygender,3347 Oak Valley Plaza,121.74.4.59
Lenna,McKinless,lmckinlessqy@samsung.com,5/22/2020,Bigender,2584 Onsgard Hill,52.133.93.146
Nobe,Wyss,nwyssqz@w3.org,10/4/2020,Bigender,57 Debs Center,204.90.118.120
Neely,Ginley,nginleyr0@google.it,5/23/2020,Bigender,3 Elka Drive,227.219.96.56
Will,Downer,wdownerr1@google.fr,1/20/2021,Bigender,0 Sauthoff Street,196.220.244.242
Marcelline,Andrzej,mandrzejr2@imgur.com,8/12/2020,Polygender,63561 Brown Road,204.205.44.26
Tanny,Hassell,thassellr3@wikispaces.com,1/12/2021,Non-binary,54189 Jay Junction,9.110.43.47
Hilarius,Freen,hfreenr4@ezinearticles.com,4/9/2020,Bigender,1068 Clyde Gallagher Hill,107.100.29.130
Cybill,Kobiela,ckobielar5@blinklist.com,10/31/2020,Genderfluid,6040 Corry Point,223.167.232.41
Doro,Scarlin,dscarlinr6@gov.uk,9/30/2020,Genderfluid,1 Vermont Trail,185.157.2.112
Tarah,Matejka,tmatejkar7@goo.gl,12/13/2020,Genderqueer,70 Doe Crossing Circle,80.201.129.219
Hermie,Loud,hloudr8@amazon.co.uk,1/14/2021,Agender,85950 Stang Park,129.115.198.237
Karlotte,Daniau,kdaniaur9@marriott.com,2/23/2020,Genderqueer,2800 Acker Center,102.95.85.154
Alva,Baird,abairdra@arizona.edu,4/30/2020,Bigender,395 American Ash Hill,71.203.4.218
Zacharie,Lundon,zlundonrb@ehow.com,2/11/2020,Bigender,46 Springs Street,122.211.134.69
Dunstan,Harrington,dharringtonrc@google.fr,12/22/2020,Female,02 Boyd Drive,149.117.191.37
Susie,Unitt,sunittrd@addthis.com,8/17/2020,Female,89385 Hovde Alley,100.136.29.181
Angie,Brickham,abrickhamre@twitpic.com,6/7/2020,Female,7 Hayes Way,161.72.240.98
Halette,Ricoald,hricoaldrf@networksolutions.com,2/18/2020,Genderfluid,2341 Bartillon Park,122.251.223.165
Gerri,Rollitt,grollittrg@youtube.com,11/17/2020,Agender,8837 Mifflin Place,69.46.26.41
Barny,Pauling,bpaulingrh@usa.gov,4/3/2020,Non-binary,42286 Hanson Drive,222.216.150.210
Blinnie,Petticrew,bpetticrewri@eepurl.com,12/10/2020,Genderqueer,410 Larry Terrace,243.138.192.120
Ibbie,Goodricke,igoodrickerj@nytimes.com,12/30/2020,Genderqueer,3 Old Gate Drive,162.107.184.42
Anthe,Bendley,abendleyrk@nba.com,4/28/2020,Polygender,16 Riverside Circle,131.54.194.1
Sherilyn,Jouannot,sjouannotrl@tmall.com,10/27/2020,Genderfluid,2 Arkansas Circle,60.204.98.37
Jaymee,Stretton,jstrettonrm@xing.com,4/12/2020,Genderqueer,1444 Twin Pines Park,10.39.0.249
Hewett,Duke,hdukern@buzzfeed.com,5/25/2020,Female,9 Elgar Drive,3.139.226.239
Jacklyn,Dahler,jdahlerro@tmall.com,11/2/2020,Non-binary,9360 Banding Circle,153.216.2.194
Casar,Noni,cnonirp@freewebs.com,12/16/2020,Bigender,0751 Delladonna Hill,84.12.226.20
Brianna,Belle,bbellerq@purevolume.com,3/4/2020,Bigender,3350 Gina Alley,246.79.212.155
Myra,Shotter,mshotterrr@ovh.net,4/28/2020,Genderqueer,14 Haas Alley,33.10.221.179
